valor,moneda,timestamp,c√≥digo,id_cliente
-17.266329102981835,euros,2024-03-08 05:55:43.110176,100.0,2504900
-728.5727062130605,euros,2024-02-12 08:17:28.110176,450.0,26234311
-25.1426711743996,euros,2024-03-05 06:31:09.110176,100.0,24009116
-944.0361103743012,euros,2024-03-08 01:15:27.110176,250.0,2545272
1413.8035319179153,euros,2024-02-15 06:50:12.110176,450.0,17555511
-475.4041937356071,euros,2024-02-18 22:53:11.110176,200.0,8171369
-39.66145513227474,euros,2024-03-03 17:52:32.110176,100.0,1941048
-8.212728568252206,euros,2024-01-23 21:25:49.110176,100.0,3871180
-13.803213383004133,euros,2024-03-08 17:26:24.110176,100.0,10556783
-75.98154551554313,euros,2024-03-11 10:47:04.110176,250.0,6558141
-27.840177096981133,euros,2024-01-21 09:54:01.110176,100.0,5336496
-1106.6404450184082,euros,2024-01-21 08:23:47.110176,200.0,22860197
-2853.339559420582,euros,2024-02-01 20:40:35.110176,250.0,8224745
-924.781567833516,euros,2024-01-14 11:58:57.110176,200.0,22644653
-621.8925002148601,euros,2024-02-24 11:37:09.110176,450.0,25307439
-999.1244339615652,euros,2024-01-29 20:26:16.110176,250.0,27272872
-51.73588872319179,euros,2024-01-29 12:01:12.110176,450.0,25206339
-29.06020785290431,euros,2024-03-12 14:29:37.110176,100.0,15405353
-1171.6762918840386,euros,2024-01-13 23:17:15.110176,200.0,19710700
-2671.636939013816,euros,2024-03-04 12:18:08.110176,250.0,5314354
-969.053205903306,euros,2024-02-02 22:51:11.110176,250.0,26735991
-1382.6711775231258,euros,2024-01-27 02:19:55.110176,250.0,11685621
-1216.5480623893332,euros,2024-01-17 18:58:02.110176,200.0,16755209
-27.367350960651176,euros,2024-02-03 04:50:11.110176,100.0,25098662
-211.480135207886,euros,2024-02-03 04:18:49.110176,200.0,25399136
-29.821775766906896,euros,2024-01-28 20:52:27.110176,100.0,542977
-1034.007421532857,euros,2024-02-12 09:18:08.110176,250.0,16245767
-32.205117098859354,euros,2024-01-30 06:07:56.110176,100.0,10687586
-964.4111409228716,euros,2024-02-23 19:49:02.110176,450.0,16662862
-5.749940101413966,euros,2024-02-14 17:43:27.110176,100.0,7054723
-19.135417929800056,euros,2024-03-10 11:46:30.110176,100.0,4104052
-2132.699121447749,euros,2024-03-12 22:13:38.110176,250.0,22749756
-1301.3571064175112,euros,2024-02-11 00:42:31.110176,250.0,4392814
-1284.6833550958388,euros,2024-03-11 03:03:39.110176,200.0,28238776
-22.311216712926832,euros,2024-01-13 19:16:05.110176,100.0,13148175
-1541.4931403668854,euros,2024-01-14 15:57:25.110176,450.0,25301332
-1834.750420630785,euros,2024-03-04 01:53:58.110176,250.0,8083264
-93.33293684710458,euros,2024-02-23 09:01:45.110176,450.0,4764888
-519.4239539643615,euros,2024-02-23 22:48:40.110176,450.0,13134738
-331.3808927761981,euros,2024-01-16 12:24:27.110176,450.0,25800188
-3.311622965881485,euros,2024-02-02 19:38:38.110176,100.0,21691349
-6.983984891239459,euros,2024-03-12 16:00:39.110176,100.0,22797207
-6.017176795722396,euros,2024-02-21 16:55:09.110176,100.0,25801065
-39.15602111249568,euros,2024-02-18 08:19:45.110176,450.0,10211899
-408.5116826944425,euros,2024-03-05 16:22:01.110176,450.0,7727260
-1359.3243338999662,euros,2024-02-01 14:36:10.110176,200.0,4902471
-20.93133864483955,euros,2024-03-08 04:07:03.110176,100.0,2325461
-11.449386873395092,euros,2024-03-06 14:26:40.110176,100.0,16745226
-1605.4746370064538,euros,2024-02-27 20:23:28.110176,250.0,20259728
-1288.0573003752395,euros,2024-01-22 06:58:38.110176,200.0,23240692
-10.181650796842453,euros,2024-02-06 06:46:05.110176,100.0,12940069
-37.66682224349307,euros,2024-02-23 10:55:10.110176,100.0,16916850
-592.5503846423353,euros,2024-02-06 15:37:32.110176,200.0,14152631
-18.661245226052408,libras,2024-02-04 09:06:40.110176,100.0,9404568
-1347.199646941572,euros,2024-01-24 19:53:08.110176,200.0,7805839
-1768.5971693908257,euros,2024-02-26 08:16:38.110176,250.0,21542886
-14.642225139262184,euros,2024-02-01 05:14:01.110176,100.0,27261684
-1053.044992259222,euros,2024-01-31 19:09:38.110176,450.0,26618577
-191.1891130269837,euros,2024-03-10 08:00:10.110176,250.0,14244819
-594.6356893126087,euros,2024-01-16 08:23:11.110176,250.0,20280926
1862.463484192164,euros,2024-02-14 17:18:28.110176,250.0,12843892
454.19216980909687,euros,2024-01-21 02:10:13.110176,250.0,16556680
-587.8381670825274,euros,2024-03-07 23:30:56.110176,450.0,27729578
-1116.769675900953,euros,2024-03-11 17:47:32.110176,250.0,6792956
-643.6867537878926,euros,2024-01-27 16:57:42.110176,200.0,24912068
-1735.5373367546754,euros,2024-01-14 15:07:20.110176,450.0,23431095
-40.85569024534446,euros,2024-01-17 08:37:13.110176,100.0,14002910
-40.945587087873726,euros,2024-03-11 04:58:08.110176,100.0,25658806
-535.4584354873801,euros,2024-02-27 21:11:52.110176,200.0,7775477
-36.58530584468031,euros,2024-02-26 10:40:33.110176,100.0,6511588
-38.35942850722398,euros,2024-03-02 12:37:01.110176,100.0,26059582
6.135239002468594,euros,2024-02-23 04:31:49.110176,100.0,29775068
-35.64900115256881,euros,2024-01-24 05:36:11.110176,100.0,17838010
-1663.8270928906004,euros,2024-03-10 07:00:08.110176,250.0,12519304
-674.5843071396506,euros,2024-02-25 19:02:06.110176,250.0,25187444
-37.81585991110594,euros,2024-01-19 19:13:51.110176,100.0,15110358
-1514.5007657824572,euros,2024-03-11 09:06:50.110176,450.0,24360843
-1557.7527173117842,euros,2024-01-29 07:58:24.110176,450.0,1957748
-17.622245668945286,euros,2024-02-29 21:09:03.110176,100.0,24920688
-1285.5994149578912,euros,2024-01-25 11:26:26.110176,200.0,9426864
-41.22041509255219,euros,2024-03-02 21:58:19.110176,100.0,20987897
-1017.5007805006512,euros,2024-02-22 05:02:42.110176,250.0,15675523
-119.13669006212167,euros,2024-03-04 12:10:07.110176,450.0,7082112
-21.08873116267105,euros,2024-02-15 14:46:12.110176,100.0,20105655
-16.290838247991967,euros,2024-02-21 17:55:58.110176,100.0,9996929
-426.3844934849711,euros,2024-02-06 21:34:15.110176,250.0,19163954
-822.6696555095187,euros,2024-01-16 14:25:36.110176,250.0,16108589
-40.32253076817289,euros,2024-02-20 10:34:09.110176,250.0,12886818
-25.51436970763399,euros,2024-02-05 07:42:06.110176,100.0,25047474
-8.734204265899871,euros,2024-03-10 01:59:55.110176,100.0,1540506
-2328.695860370879,euros,2024-01-20 10:28:21.110176,250.0,16623873
-1518.5550510888193,euros,2024-03-06 20:04:19.110176,250.0,18102105
-557.8594142854229,euros,2024-01-31 05:03:35.110176,250.0,2433284
-9.878889434647704,euros,2024-01-24 23:24:13.110176,100.0,27958909
-32.490701153703306,euros,2024-01-22 19:28:23.110176,100.0,12990908
-2549.552408367537,euros,2024-02-24 15:19:18.110176,250.0,10585779
-1360.7298478862697,euros,2024-02-02 22:14:55.110176,250.0,987759
-988.0430545464006,euros,2024-02-10 11:53:26.110176,450.0,5397346
-1115.2916886622822,euros,2024-01-15 20:49:58.110176,450.0,5751866
-530.188358672769,euros,2024-01-26 08:15:53.110176,200.0,23644159
-1921.4217573878152,euros,2024-01-15 13:46:00.110176,250.0,4532021
-1921.689237531276,euros,2024-02-05 18:55:17.110176,250.0,24731393
-219.8160561218212,euros,2024-01-21 08:18:43.110176,250.0,22848156
-34.29488305715141,euros,2024-02-29 14:56:18.110176,100.0,18033583
-33.636136198410625,euros,2024-03-07 14:55:41.110176,100.0,3215437
-12.265860256205794,euros,2024-01-28 11:46:38.110176,100.0,7516425
-6.337883146696678,euros,2024-01-13 20:24:03.110176,100.0,28878817
-1743.8020794958088,euros,2024-02-23 16:22:13.110176,250.0,24123968
-9.213894800851426,euros,2024-02-12 09:27:03.110176,100.0,7247595
-195.95698239885635,libras,2024-03-06 05:27:11.110176,200.0,15375550
-21.805259304349587,euros,2024-02-27 09:04:14.110176,100.0,12370512
796.1510299887053,euros,2024-01-23 04:25:05.110176,250.0,27982654
-1592.7372043811615,euros,2024-02-05 17:34:33.110176,450.0,22273141
-903.3801724426664,euros,2024-02-11 03:43:31.110176,200.0,13791403
-2.925367990330453,euros,2024-02-13 11:47:48.110176,100.0,19351891
-473.1985639829021,euros,2024-01-19 01:33:43.110176,200.0,10905681
-66.54198223736324,euros,2024-02-03 11:18:13.110176,200.0,21739198
-1717.56358997065,euros,2024-01-18 22:25:14.110176,250.0,21035562
-16.935773224521434,euros,2024-01-26 12:33:15.110176,100.0,577458
-22.300267861007477,euros,2024-02-06 12:01:46.110176,100.0,13190111
-261.8927480583569,euros,2024-02-23 22:59:28.110176,250.0,5427822
158.82135876907225,euros,2024-02-19 23:35:39.110176,250.0,18577308
-34.78931997696172,euros,2024-02-09 09:04:49.110176,100.0,27202550
-2293.1876712734816,euros,2024-02-01 11:34:35.110176,250.0,14259960
-266.07860923228014,euros,2024-02-03 19:31:17.110176,450.0,15277017
-31.70626227820416,euros,2024-02-29 03:22:51.110176,100.0,8603517
-1318.5485156439506,euros,2024-03-02 04:12:57.110176,200.0,20011179
-347.9234189290932,euros,2024-02-05 02:16:50.110176,450.0,21447559
-20.13205028349621,euros,2024-02-15 20:25:27.110176,450.0,18330643
-30.549475249225715,euros,2024-02-14 08:45:14.110176,100.0,7739269
-2618.710088665,euros,2024-02-21 04:08:21.110176,250.0,19518678
-21.018168160840396,euros,2024-01-28 18:25:21.110176,100.0,18374456
-9.285649116012609,euros,2024-02-19 01:16:58.110176,100.0,23355751
-23.09917744159928,euros,2024-02-17 15:48:53.110176,100.0,29778967
-14.44055096203877,euros,2024-03-09 23:18:24.110176,100.0,15071758
-1291.7607231396237,euros,2024-03-08 20:29:25.110176,200.0,19515389
-14.642958876910994,euros,2024-01-25 18:08:57.110176,100.0,7211805
-114.4225078230871,euros,2024-01-15 21:10:45.110176,450.0,14526390
-4.49964976235482,euros,2024-01-29 10:22:10.110176,100.0,6623268
-406.09254653357175,euros,2024-02-17 06:03:29.110176,200.0,19514384
-1815.804385918276,euros,2024-01-15 04:59:25.110176,450.0,19719942
-636.3769585491824,euros,2024-01-19 23:33:24.110176,200.0,-99999
-16.66196476728834,euros,2024-02-21 06:49:54.110176,100.0,13027074
-4.1905293130455785,euros,2024-01-29 20:17:17.110176,100.0,6532048
-875.7773824941468,euros,2024-02-17 00:30:46.110176,250.0,20830301
-154.12126114197028,euros,2024-02-19 18:38:08.110176,450.0,1543749
-31.919835207225663,euros,2024-01-27 19:00:31.110176,100.0,22297392
-3.997676590349252,euros,2024-01-27 17:50:34.110176,100.0,6348232
-323.9537947363645,euros,2024-01-25 17:53:57.110176,200.0,17643719
-2420.2668872073323,euros,2024-03-04 14:12:05.110176,250.0,13532051
-15.533449521718952,euros,2024-03-07 17:54:43.110176,100.0,2418106
-1100.3338533484095,euros,2024-02-16 10:15:23.110176,200.0,28579081
-30.191460972809413,euros,2024-02-28 02:15:07.110176,100.0,10015353
29.749364250917814,euros,2024-01-21 23:14:02.110176,100.0,20578328
-1408.642865770097,euros,2024-01-14 05:47:32.110176,250.0,27414898
-485.0668186562878,euros,2024-03-03 15:38:11.110176,200.0,3629113
-9.324645160204067,euros,2024-01-13 16:43:51.110176,100.0,20375678
-36.33496211430298,euros,2024-01-22 13:31:12.110176,100.0,26166662
-1532.8752656946672,euros,2024-02-17 12:58:01.110176,250.0,14135632
-27.043181443992136,euros,2024-03-10 16:53:30.110176,100.0,15076838
-831.3725045174298,euros,2024-01-16 21:44:28.110176,450.0,25990798
-980.6390180039164,euros,2024-03-03 06:50:07.110176,450.0,8659448
-18.0888336918199,euros,2024-01-29 13:00:21.110176,100.0,28013211
-35.965879923726774,euros,2024-02-08 04:58:30.110176,100.0,18394761
-454.45696987517306,euros,2024-02-12 14:06:58.110176,250.0,20941234
-28.564667295637,euros,2024-01-25 11:39:28.110176,100.0,13587980
-1867.3058265553568,euros,2024-02-17 09:37:26.110176,250.0,3541024
-1121.1234692921375,euros,2024-02-09 11:00:29.110176,200.0,16191501
-819.9068373076125,euros,2024-02-01 22:44:19.110176,450.0,-99999
-1956.0640838441736,euros,2024-01-20 10:30:42.110176,250.0,17229830
22.39084587423854,euros,2024-02-26 09:31:59.110176,100.0,17314756
-237.27173459115747,euros,2024-03-03 04:33:00.110176,250.0,19375321
-29.52388379441094,euros,2024-02-13 19:26:55.110176,100.0,18139210
-2712.9039131039017,euros,2024-03-01 20:27:28.110176,250.0,21883089
-35.048764306238056,euros,2024-01-28 00:20:40.110176,100.0,8862626
-1941.1937024090669,euros,2024-01-24 01:55:10.110176,250.0,320076
-2480.467540254332,euros,2024-03-05 10:06:02.110176,250.0,29867074
-38.463192630071084,euros,2024-02-17 03:40:21.110176,100.0,24688371
-1702.1477891247569,euros,2024-01-24 00:32:22.110176,450.0,8158488
-25.99458640059359,euros,2024-01-20 23:45:19.110176,100.0,6008641
-447.619158847567,euros,2024-02-04 15:31:13.110176,450.0,11325105
-18.759384861478377,euros,2024-03-09 00:28:13.110176,100.0,29419692
-18.184702180497723,euros,2024-01-28 15:55:38.110176,100.0,24264307
-1954.3103351695777,euros,2024-02-02 08:21:27.110176,250.0,9735370
-323.17691644126654,euros,2024-01-24 13:56:07.110176,250.0,27202173
-25.311810723941395,euros,2024-03-08 17:59:51.110176,100.0,27231420
-1218.12715009929,euros,2024-02-13 19:12:16.110176,200.0,7675926
28.98882459457175,euros,2024-02-18 14:01:08.110176,100.0,29190905
-765.5280666900009,euros,2024-01-18 22:28:32.110176,250.0,24134612
-24.797351952376903,euros,2024-02-22 14:19:03.110176,100.0,12699466
-1394.3819949410658,libras,2024-01-21 08:20:58.110176,250.0,7342335
-921.630453681528,euros,2024-02-27 08:07:41.110176,200.0,27972341
-380.6133413468402,euros,2024-02-21 14:44:40.110176,450.0,7393247
-502.65725899192006,euros,2024-02-11 06:45:15.110176,250.0,5265780
-2343.599785169164,euros,2024-03-12 17:18:54.110176,250.0,7407954
-1233.1798490660854,euros,2024-02-21 17:06:57.110176,450.0,25371789
-3.720526866964124,euros,2024-02-17 13:22:42.110176,100.0,593952
-16.140698383595556,euros,2024-02-29 23:24:16.110176,100.0,19235520
-30.075748416861163,euros,2024-03-04 03:03:52.110176,450.0,9537419
-2437.760068510828,euros,2024-01-15 16:21:41.110176,250.0,6046241
-1062.886296566407,euros,2024-01-19 18:01:23.110176,250.0,1260848
-13.858052845567665,euros,2024-02-02 20:48:43.110176,100.0,27167519
-1231.0535355536117,euros,2024-03-11 20:43:29.110176,250.0,21631196
-19.87938649821104,euros,2024-01-24 21:30:52.110176,100.0,14553383
-949.5021300036706,euros,2024-02-21 06:54:26.110176,200.0,13651981
-4.6774093644033705,euros,2024-01-29 06:46:54.110176,100.0,18577511
-20.285666440181863,euros,2024-02-19 16:51:46.110176,100.0,5978930
-96.77506916854816,euros,2024-02-27 13:52:13.110176,450.0,18001402
-1760.343808322527,euros,1970-01-01 00:00:00.000000,450.0,11820731
-1122.8226462319626,euros,2024-01-26 20:48:34.110176,250.0,18270208
-41.21941090191035,euros,2024-03-08 15:23:11.110176,100.0,3490934
-73.61177434666907,euros,2024-01-21 22:42:44.110176,250.0,23018912
-33.87508858973331,euros,2024-01-19 05:25:28.110176,100.0,26696494
-652.8486370760627,euros,2024-03-10 12:46:32.110176,250.0,8187203
-238.7598475156487,euros,2024-01-26 18:46:07.110176,200.0,22693450
-30.880759901886574,euros,2024-01-16 17:11:52.110176,100.0,18910268
-7.627792763172529,euros,2024-01-24 09:39:27.110176,100.0,24233139
-1215.082371294201,euros,2024-02-05 17:29:22.110176,250.0,12678664
-932.0512096273974,euros,2024-02-15 05:25:42.110176,250.0,6551208
-758.3461012380009,euros,2024-01-27 00:40:14.110176,450.0,18310538
-30.785882091377808,euros,2024-02-25 15:04:53.110176,100.0,17668129
-1381.7660782032203,euros,2024-01-18 21:09:46.110176,250.0,25354883
-1668.0145751284083,euros,2024-03-03 14:57:34.110176,250.0,12396425
-22.01289990357828,euros,2024-01-24 18:06:53.110176,100.0,19008314
-2389.438475671749,euros,2024-03-01 22:23:17.110176,250.0,1219282
-24.51341839036416,libras,2024-01-13 14:38:33.110176,100.0,19495628
-234.3840196784897,euros,2024-01-30 10:10:14.110176,250.0,8850262
-417.98804771064187,euros,2024-02-22 19:22:01.110176,450.0,9385010
-473.88233408840864,euros,2024-01-21 23:09:56.110176,250.0,19158953
-16.604413276141145,euros,2024-01-17 11:52:45.110176,100.0,9854102
-1049.4237280269435,euros,2024-01-19 08:54:53.110176,200.0,16537676
-1335.0553375752995,libras,2024-02-13 13:59:09.110176,450.0,1340737
-22.639717588531248,euros,2024-01-22 06:24:15.110176,100.0,9287883
-1032.963076711873,euros,2024-01-27 04:55:27.110176,200.0,28330950
-641.0447906422925,euros,2024-03-06 23:58:44.110176,450.0,18723897
-30.08467599597497,euros,2024-02-28 21:01:06.110176,100.0,13194715
-5.857541161523875,euros,2024-03-09 21:25:33.110176,100.0,28329566
-1138.3642791753766,euros,2024-02-09 21:39:49.110176,450.0,16828509
-1804.1033442269304,euros,2024-01-26 12:03:40.110176,250.0,26336171
-21.65334883035507,euros,2024-01-17 15:25:57.110176,100.0,11989437
-1136.0577673395546,euros,2024-02-06 12:17:11.110176,200.0,14777775
-2365.5664925390365,euros,2024-01-26 19:28:57.110176,250.0,4438380
-679.3439678544332,euros,2024-03-01 04:40:39.110176,450.0,18936731
-1926.3450921620476,euros,2024-03-11 09:54:45.110176,250.0,10964969
-561.9794252663315,euros,2024-02-18 19:47:13.110176,250.0,16291040
-32.983903017240976,euros,2024-02-15 00:42:11.110176,100.0,230419
-2064.648612611714,euros,2024-03-08 18:36:54.110176,250.0,1781341
-235.4332941594104,euros,2024-03-05 12:18:04.110176,250.0,3597736
-2014.0519625713875,euros,2024-01-28 00:40:48.110176,250.0,13005608
-1152.1636368252043,euros,2024-03-04 01:16:50.110176,250.0,27019412
-11.056723668238432,euros,1970-01-01 00:00:00.000000,250.0,22728787
-742.8780298147675,euros,2024-01-28 11:02:10.110176,200.0,17634817
-2327.693469885763,euros,2024-02-14 12:37:09.110176,250.0,12247009
-625.0902361134046,euros,2024-03-02 12:23:33.110176,200.0,29987727
-11.658493884586976,euros,2024-02-08 09:23:55.110176,100.0,5488876
-23.01835376201132,euros,2024-02-26 22:22:05.110176,100.0,9846943
-67.56169567891264,euros,2024-02-02 23:06:56.110176,450.0,10083566
-21.915149939224303,euros,2024-02-15 09:36:44.110176,100.0,26601949
-1159.5156597382954,euros,2024-01-31 14:59:03.110176,250.0,25441993
-983.9168522793584,euros,2024-03-05 08:11:28.110176,250.0,21786189
-2820.5396813324446,euros,2024-03-09 21:50:06.110176,250.0,20662463
-1066.8544150369305,euros,2024-02-20 18:33:22.110176,450.0,8170650
-1194.2344087443837,euros,2024-02-07 00:17:08.110176,450.0,19102870
446.5708606047186,euros,2024-01-19 08:22:11.110176,450.0,5724374
-1185.7476366351293,euros,2024-02-20 00:37:07.110176,450.0,14550254
-78.03651316925992,euros,2024-02-21 03:52:47.110176,200.0,12372858
-629.2738093196654,euros,2024-01-28 01:34:11.110176,450.0,13358866
-2022.171477153321,euros,2024-02-07 23:57:26.110176,250.0,5597726
-16.453051213212273,euros,2024-03-11 20:36:00.110176,100.0,14516284
-7.110285938557015,euros,2024-02-05 15:45:19.110176,100.0,28428610
-359.9789741628861,euros,2024-03-01 03:34:17.110176,250.0,23617725
-2446.153194393813,euros,2024-03-03 03:33:51.110176,250.0,10461377
-306.16417077341305,euros,2024-01-17 13:56:26.110176,250.0,4846543
-37.14922582737517,euros,2024-02-22 22:04:59.110176,100.0,1804962
-35.40550922421164,euros,2024-03-01 06:58:00.110176,100.0,3591034
-1966.883969507824,euros,2024-01-22 16:52:25.110176,250.0,11810087
-321.71036888832805,euros,2024-02-13 18:13:08.110176,200.0,9230914
-1967.003195904208,euros,2024-02-05 17:57:05.110176,250.0,1781907
-73.45806245932859,euros,2024-02-29 08:30:13.110176,450.0,28652256
-5.126370416017679,euros,2024-02-06 01:21:48.110176,100.0,18446081
-2163.451829552207,euros,2024-02-23 12:59:22.110176,250.0,15204015
-1509.6239119072482,euros,2024-01-22 23:34:04.110176,450.0,24181775
-22.86211982159488,euros,2024-03-08 23:36:10.110176,100.0,9235245
29.860353921299076,euros,2024-01-16 09:11:50.110176,100.0,12493287
-27.254447655678984,euros,2024-02-10 01:17:12.110176,100.0,3140951
-2106.8686214884224,euros,2024-03-06 23:52:13.110176,250.0,12841355
-7.15521258321197,euros,2024-01-28 22:28:57.110176,100.0,15572506
-1436.395531775579,euros,2024-02-11 06:02:15.110176,250.0,25940806
-652.34336194057,euros,2024-02-05 07:44:36.110176,250.0,14579569
-6.089109397246818,euros,2024-02-28 09:10:12.110176,100.0,10788861
-191.62856327452792,euros,2024-02-29 13:31:39.110176,200.0,687343
-1147.0916621228102,euros,2024-02-26 02:58:29.110176,450.0,10297131
-40.98025544277658,euros,2024-02-16 22:40:50.110176,100.0,1419698
-5.825250886090889,euros,2024-02-18 13:31:08.110176,100.0,3162099
-14.402308782249088,euros,2024-02-01 07:12:05.110176,100.0,13587045
-209.1774903120772,euros,2024-02-29 16:08:23.110176,450.0,13518576
-1493.5685848086823,euros,2024-03-09 18:57:21.110176,450.0,25561778
-5.38517855453663,euros,2024-02-03 12:29:51.110176,100.0,10559176
-1288.8967698443296,euros,2024-02-18 15:39:19.110176,250.0,3987651
-693.0752000469417,euros,2024-02-16 18:49:41.110176,200.0,11642484
-798.9705883071779,euros,2024-02-23 20:31:16.110176,450.0,29913140
-14.448432529500696,euros,2024-02-09 14:47:05.110176,100.0,22652117
-654.963185831802,euros,2024-01-25 21:34:02.110176,200.0,3962308
-271.4758272209387,euros,2024-02-28 05:11:48.110176,450.0,10239192
-21.914398658900307,euros,2024-01-31 17:59:03.110176,100.0,4864517
-13.897792079600098,euros,2024-02-01 04:39:45.110176,100.0,13290431
-2715.0447629869504,euros,2024-02-01 20:10:41.110176,250.0,24440495
-26.22007726481304,euros,2024-03-08 02:22:32.110176,100.0,26090439
-49.765458490007816,euros,2024-03-01 15:38:24.110176,450.0,12318722
-1931.530632752395,euros,2024-03-07 09:19:37.110176,250.0,13432908
-1266.2497559417377,euros,2024-02-01 05:53:46.110176,450.0,2605481
-41.06974378988687,euros,2024-02-21 11:17:39.110176,100.0,21835364
-32.46306082759295,euros,2024-03-09 05:59:50.110176,100.0,6288481
-41.21480295009656,euros,2024-01-29 01:04:32.110176,100.0,2959786
-21.691536755827094,euros,2024-02-08 18:23:33.110176,100.0,4797083
-40.72039187037369,euros,2024-01-14 23:46:26.110176,100.0,6253426
-2663.1037280669134,euros,2024-02-27 09:48:04.110176,250.0,16110864
-19.65044645913242,euros,2024-02-11 10:08:29.110176,100.0,7068846
-1531.5488459604271,euros,2024-01-21 12:18:16.110176,450.0,13167601
-26.713325652415115,euros,2024-03-06 12:58:32.110176,100.0,28337192
-2127.9359997674383,euros,2024-02-06 08:10:44.110176,250.0,13846969
2796.2846906119025,euros,2024-01-22 19:22:31.110176,250.0,25306922
-24.109380709340943,euros,2024-02-04 10:46:41.110176,100.0,5133808
-34.69040552494564,euros,2024-02-22 22:34:18.110176,100.0,9462247
-1629.172317215388,euros,2024-01-15 06:48:24.110176,450.0,2084297
1376.083020518368,euros,2024-01-19 15:19:41.110176,250.0,8372810
-35.54724726778308,euros,2024-01-15 20:08:42.110176,100.0,18805893
-1531.70757202524,euros,2024-02-01 02:32:15.110176,250.0,2587761
-25.573332500030432,euros,2024-01-27 00:32:28.110176,100.0,13604001
-237.06398396135415,euros,2024-01-18 18:18:41.110176,250.0,14361463
-24.774299475129794,libras,2024-02-14 01:34:12.110176,100.0,20226009
-1731.3235217802437,euros,2024-03-06 15:02:24.110176,250.0,3399676
-2361.1347695951613,euros,2024-02-18 03:21:20.110176,250.0,4335516
-771.3267574788327,euros,2024-03-11 05:57:58.110176,200.0,1390008
-45.06104632630242,euros,2024-01-24 22:11:26.110176,250.0,29552202
-221.70988730353437,euros,2024-02-14 13:03:30.110176,450.0,5625945
-1091.0800145921637,euros,2024-02-16 22:13:17.110176,450.0,14590506
-7.450317923695032,euros,2024-03-01 06:28:11.110176,100.0,23793960
-640.208005039144,euros,2024-01-20 17:30:28.110176,250.0,12624128
-2191.331292068705,euros,2024-03-01 07:19:06.110176,250.0,25988772
-393.7799457973826,euros,2024-02-15 04:23:53.110176,250.0,6849562
-351.03645306481843,euros,2024-03-05 08:04:28.110176,250.0,-99999
-1441.3923124623414,euros,2024-02-21 10:49:05.110176,200.0,3010400
-38.38124390391933,euros,2024-01-30 14:23:41.110176,100.0,28540725
-675.0884187873887,euros,2024-03-11 21:35:14.110176,450.0,4367
-801.5038323377061,euros,2024-03-06 16:35:27.110176,250.0,17381561
-939.6005495049574,euros,2024-02-10 05:59:26.110176,450.0,28861226
-28.33322363267048,euros,2024-02-21 11:44:21.110176,100.0,2422458
-26.876693365977506,euros,2024-02-20 04:38:42.110176,100.0,15408691
-155.96511515629103,euros,2024-03-13 03:48:24.110176,450.0,23345429
-22.46858007391243,euros,2024-01-30 23:11:34.110176,100.0,2087920
-655.6045444616674,euros,2024-03-10 13:17:47.110176,450.0,9438279
-11.356350080903244,euros,2024-02-22 22:02:56.110176,100.0,9277703
-99.3977143365584,euros,2024-02-25 22:18:07.110176,250.0,28370753
-436.2007214040847,euros,2024-02-08 12:01:30.110176,450.0,12706086
-468.9053533414174,euros,2024-02-28 18:29:13.110176,200.0,20420189
-2006.4886540400196,euros,2024-02-11 09:00:38.110176,250.0,10719522
-1097.0833688735306,euros,2024-02-17 16:04:41.110176,450.0,2227218
-39.94838597073131,euros,2024-01-23 14:33:34.110176,100.0,14325550
-1098.3467375545183,euros,2024-02-26 15:07:16.110176,250.0,6115741
-1031.0663435210583,euros,2024-02-14 13:28:50.110176,250.0,15855110
-7.809943657176554,euros,2024-01-31 22:34:52.110176,100.0,162564
-870.0252454224798,euros,2024-01-16 00:03:59.110176,450.0,13379482
-918.1488788939872,euros,2024-02-01 23:03:12.110176,450.0,848244
-7.183448776088412,euros,2024-03-03 04:51:37.110176,100.0,25086751
-23.486997108722097,euros,2024-02-17 07:25:50.110176,100.0,15416952
-27.96513830537496,euros,2024-01-18 10:57:31.110176,100.0,4943726
-25.1742170328372,euros,2024-02-21 03:26:10.110176,100.0,21109169
905.528078186813,euros,2024-02-01 16:42:55.110176,250.0,11284313
-597.4031400275036,euros,2024-02-26 03:48:55.110176,450.0,9725522
-1912.8520496691872,euros,2024-01-25 06:02:01.110176,250.0,4306181
-1145.5184921617622,euros,2024-02-08 00:46:35.110176,250.0,29380399
-127.43320466754776,euros,1970-01-01 00:00:00.000000,450.0,19572730
-14.671221007908764,euros,2024-02-27 22:07:24.110176,100.0,16708551
-965.0203363212652,euros,2024-03-12 13:20:33.110176,250.0,5013534
-286.8794297772957,euros,2024-02-20 09:46:01.110176,200.0,24393230
-711.289419431817,euros,2024-01-30 07:13:25.110176,450.0,3065532
-1186.010730020941,euros,2024-03-02 10:54:56.110176,450.0,282843
-4.016407815148535,euros,2024-01-16 07:21:44.110176,100.0,7923599
-1251.80948878553,euros,2024-01-15 00:32:21.110176,200.0,26962687
-1926.88550129174,euros,2024-01-29 18:02:50.110176,250.0,27983708
-2432.423505118682,euros,2024-01-16 01:30:43.110176,250.0,8414918
-15.157624251951171,euros,2024-02-22 17:55:55.110176,100.0,23953199
-859.6276326260812,euros,2024-03-12 13:09:04.110176,250.0,4276980
-1624.934926626649,euros,2024-02-12 22:05:05.110176,250.0,11068627
-1193.1117437086668,euros,2024-02-17 18:14:00.110176,250.0,21974161
-1053.8429107959,euros,2024-01-14 05:08:14.110176,450.0,14540651
-16.48344470408759,euros,2024-02-13 15:11:56.110176,100.0,1492767
-27.640391473451302,euros,2024-01-23 08:55:28.110176,100.0,11307921
-1341.8489318100694,euros,2024-02-13 06:44:52.110176,200.0,17863735
-36.84715625893158,euros,2024-02-29 18:23:22.110176,100.0,16481822
-1105.3177657253405,euros,2024-02-08 08:05:44.110176,250.0,11481979
-7.261093675174433,euros,2024-03-09 08:31:58.110176,100.0,3727984
-29.39794429477473,euros,2024-01-28 18:36:17.110176,100.0,13484767
-1864.067740425812,euros,2024-02-26 02:25:39.110176,450.0,2129957
-534.517630488776,euros,2024-01-26 06:48:43.110176,450.0,3433375
1517.1835370609883,euros,2024-01-15 01:33:14.110176,200.0,28289235
-498.0065408192396,euros,2024-02-17 10:06:13.110176,250.0,20194143
-418.5594252115247,euros,2024-02-14 23:32:24.110176,250.0,24441049
-1539.2161729629508,euros,2024-01-19 17:56:09.110176,450.0,6493668
-16.653172884824954,euros,2024-03-11 02:19:22.110176,100.0,28074233
-216.26216005592292,euros,2024-01-23 15:35:01.110176,250.0,27130248
-1622.5806605147918,euros,2024-02-10 02:57:36.110176,450.0,4459573
-1235.7103900042428,euros,2024-03-10 19:07:10.110176,250.0,17502749
-15.998747827819196,euros,2024-01-15 07:32:57.110176,100.0,19847659
-1552.3822394162837,euros,2024-01-24 13:13:08.110176,450.0,12273288
-1914.656046634048,euros,2024-01-18 22:04:44.110176,250.0,13679639
-907.3350381439736,euros,2024-02-14 13:23:37.110176,200.0,6715997
-633.8381097077239,euros,2024-02-03 09:53:08.110176,450.0,264572
-781.2125677897682,euros,2024-02-23 00:02:04.110176,250.0,4882975
-16.365533689536065,euros,2024-03-01 05:34:52.110176,100.0,21466925
-2800.835435760727,euros,2024-02-24 20:26:16.110176,250.0,1527206
28.610409917300625,euros,2024-01-15 08:06:52.110176,100.0,10766255
-27.969144549002937,euros,2024-02-26 16:37:27.110176,100.0,3518945
-1376.444195621185,euros,2024-03-06 07:05:52.110176,450.0,17376184
-1541.6305997567108,euros,2024-01-26 21:31:17.110176,250.0,21098005
-698.3682828590707,euros,2024-01-23 16:03:50.110176,450.0,20892271
-269.4967065586156,euros,2024-02-03 10:56:51.110176,450.0,14165119
-2733.9985082369403,euros,2024-02-19 16:42:24.110176,250.0,9384668
-2451.149962284104,euros,2024-02-29 15:07:19.110176,250.0,17066445
-116.75241674334144,euros,2024-02-02 18:17:50.110176,450.0,11484115
-15.016212149448322,euros,2024-01-23 14:15:44.110176,100.0,22379043
-1683.6193432980308,euros,2024-03-11 16:27:24.110176,250.0,8847172
-34.37585702057627,euros,2024-03-03 00:58:54.110176,100.0,7236252
-765.9250940801415,euros,2024-03-04 14:40:16.110176,200.0,21861991
-2212.4875278802383,libras,2024-02-07 12:38:10.110176,250.0,7637576
-14.554586447498703,euros,2024-02-01 05:45:05.110176,100.0,2058527
-23.350374441568547,euros,2024-01-18 17:17:08.110176,100.0,19787439
-627.0131242691614,euros,2024-02-07 23:17:44.110176,250.0,13169384
-14.505835261203211,euros,2024-03-06 17:17:39.110176,100.0,6581662
-40.45063883461283,euros,2024-01-31 18:29:05.110176,100.0,11609405
-920.9936119058692,euros,2024-02-03 14:08:12.110176,200.0,24363662
-3.661470437384666,euros,2024-01-22 01:03:17.110176,100.0,5551329
-28.68471554590002,euros,2024-02-12 14:11:14.110176,100.0,1506074
-990.3475269670764,euros,2024-01-28 14:31:15.110176,450.0,14028644
-25.67608162284789,euros,2024-02-18 11:28:49.110176,100.0,1140679
-1715.8294243461,euros,2024-03-08 23:34:12.110176,450.0,17737882
-1177.9968221495951,euros,2024-02-11 19:17:47.110176,200.0,11355342
1876.2913406453624,euros,2024-02-06 08:20:31.110176,250.0,28785803
-33.65123974399823,euros,2024-03-07 14:21:44.110176,100.0,13979028
-543.2115817191954,euros,2024-02-19 00:45:30.110176,200.0,15026919
-1423.5396082851444,euros,2024-02-06 19:28:48.110176,450.0,28775120
-2033.9902355804968,euros,2024-01-15 14:49:06.110176,250.0,17018370
-2658.253577358004,euros,2024-03-06 06:03:05.110176,250.0,13492092
-391.9840960216936,euros,2024-01-28 17:47:26.110176,450.0,20513902
30.79945103785427,euros,2024-01-27 12:03:41.110176,100.0,29884281
-2653.4639365626736,euros,2024-02-07 10:14:06.110176,250.0,21668632
-395.3640689926746,euros,2024-01-20 16:23:11.110176,450.0,19889305
-26.83311397701006,euros,2024-02-08 14:24:22.110176,100.0,21402838
-34.343329744684524,euros,2024-02-02 19:00:48.110176,100.0,20530232
-30.68581165402112,euros,2024-03-06 23:50:27.110176,100.0,8140342
-4.086979765128408,euros,2024-02-22 04:17:38.110176,100.0,29033513
-2858.3994097052746,euros,2024-03-06 04:58:34.110176,250.0,3836468
-218.73390400948537,euros,2024-03-09 07:21:52.110176,450.0,23919167
-2285.5691476748702,euros,2024-02-12 15:56:55.110176,250.0,28357189
-54.063237126895935,euros,2024-01-31 01:50:41.110176,250.0,7836770
-1754.6664139448774,euros,1970-01-01 00:00:00.000000,250.0,6104406
-1346.8709364529543,euros,2024-03-12 12:27:44.110176,450.0,11450816
-9.850535257412073,euros,2024-02-09 13:07:01.110176,100.0,3807477
-2345.765480042033,euros,2024-02-28 15:31:05.110176,250.0,1588747
-1471.8150614657734,euros,2024-02-06 17:53:53.110176,450.0,13457058
-28.430389223288763,euros,2024-02-09 10:19:10.110176,100.0,9508950
-35.30183612079093,euros,2024-02-15 23:50:03.110176,100.0,1312026
-112.46166786101648,euros,2024-01-20 17:15:38.110176,200.0,16847564
-2193.421405943316,euros,2024-01-25 06:54:17.110176,250.0,9196234
17.132161114848035,euros,2024-02-27 16:52:47.110176,100.0,19366589
-187.6923636007127,euros,2024-02-08 02:39:33.110176,200.0,16189845
-39.90420732810667,euros,2024-02-11 17:14:34.110176,100.0,9269090
-12.528755568852471,euros,2024-01-16 00:08:19.110176,100.0,8477515
-18.34487313702872,euros,2024-02-06 06:20:20.110176,100.0,8995600
-2307.3339171107923,euros,2024-02-02 10:05:40.110176,250.0,28216960
-7.282965044981744,euros,2024-02-12 14:04:48.110176,100.0,5813030
-4.010497559378521,euros,2024-03-07 12:49:12.110176,100.0,9849032
-2156.701056507965,euros,2024-02-21 17:50:51.110176,250.0,9451594
-1083.5108650772825,euros,2024-02-16 22:33:18.110176,250.0,-99999
-4.570659900720706,euros,2024-01-16 03:16:16.110176,100.0,2706346
-1377.094387378114,euros,2024-01-14 18:48:52.110176,250.0,3032050
-7.50030120493877,euros,2024-01-20 13:16:14.110176,100.0,18907176
-34.74856269757312,euros,2024-01-23 11:58:30.110176,100.0,1425902
-1493.9324023290785,euros,2024-02-02 22:46:25.110176,200.0,4278347
-1143.3979934339357,euros,2024-03-08 14:04:54.110176,250.0,2411367
31.65188249754711,euros,2024-02-08 07:46:48.110176,100.0,20730478
-45.383309429212325,euros,2024-02-21 15:52:37.110176,250.0,14942206
-40.35250834301949,euros,2024-02-24 01:06:02.110176,100.0,13722477
-2634.3699573629547,euros,2024-02-19 09:04:40.110176,250.0,27805535
-88.65229043861743,euros,2024-01-16 16:53:03.110176,250.0,399282
-34.20797368456515,euros,2024-02-13 21:42:31.110176,250.0,5872139
-20.762944002096816,euros,2024-03-01 01:25:11.110176,100.0,5311062
-39.91559360922921,euros,2024-02-18 22:28:13.110176,200.0,15171178
-1353.1634337470666,euros,2024-02-23 17:53:48.110176,450.0,8119780
-296.7635414140618,euros,2024-01-30 03:04:08.110176,450.0,15429555
-8.793071884988525,euros,2024-03-01 22:41:35.110176,100.0,19357718
-1248.7200835405372,libras,2024-03-07 06:47:26.110176,450.0,771748
-1334.4341401334575,euros,2024-02-17 10:38:38.110176,450.0,27421354
-33.21303665209455,euros,2024-01-17 00:46:12.110176,100.0,10641520
-1728.5977074035443,euros,2024-02-07 19:21:35.110176,450.0,24299148
-2219.114105453415,euros,2024-03-12 19:28:19.110176,250.0,2099377
-193.5745371427897,euros,2024-01-28 10:10:14.110176,450.0,5407629
-22.895642745683293,euros,2024-02-04 01:39:03.110176,100.0,8430779
-30.29145193697779,euros,2024-02-26 04:06:09.110176,100.0,14277541
-448.96560831763566,euros,2024-02-20 14:31:18.110176,250.0,29745982
-1145.1427564644723,euros,2024-02-17 01:28:52.110176,250.0,26737605
-10.208099171161033,euros,2024-02-08 18:16:12.110176,100.0,4860461
-39.61381657905325,euros,2024-02-08 19:58:41.110176,100.0,17855111
-19.9231080845756,euros,2024-02-07 22:19:57.110176,100.0,18145904
-2785.9256295432847,euros,2024-02-09 17:06:39.110176,250.0,13403069
-408.50032787026953,euros,2024-02-26 20:40:18.110176,200.0,29717051
-20.73398043159152,euros,2024-02-18 09:52:18.110176,100.0,26035665
-1000.784040789154,euros,2024-02-20 05:47:20.110176,450.0,29441898
-759.8521257279347,euros,2024-03-08 15:21:04.110176,200.0,10431733
-36.81304981081545,euros,2024-01-29 15:50:22.110176,100.0,20836285
-1009.8874899485768,euros,2024-03-10 08:56:34.110176,450.0,4361460
-18.63593584811325,euros,2024-01-25 23:29:13.110176,100.0,4920973
-10.902581783082194,euros,2024-02-13 17:20:54.110176,100.0,9866486
-2096.510256180299,euros,2024-02-11 20:40:32.110176,250.0,3760598
-2594.130407069264,euros,2024-02-09 02:21:26.110176,250.0,7222303
-18.356676757799782,euros,2024-01-27 10:10:28.110176,100.0,15253326
-777.8452596791008,euros,2024-02-25 19:23:59.110176,250.0,15908862
-941.9791078193666,euros,2024-02-29 04:12:26.110176,450.0,481338
-872.1489195716839,euros,2024-03-07 14:14:49.110176,250.0,1561240
-7.152826367631867,euros,2024-01-19 13:59:24.110176,100.0,7452273
-1375.0250008065225,euros,2024-02-02 09:21:18.110176,450.0,21387098
-11.3571984941562,euros,2024-02-11 05:16:47.110176,100.0,26716821
-20.343967968787982,euros,2024-03-05 23:01:11.110176,100.0,11125898
-1469.639754886085,euros,2024-02-26 21:51:28.110176,450.0,12330017
-15.45578073241479,euros,2024-02-04 07:18:22.110176,100.0,226558
-202.8054905749897,euros,2024-01-25 01:14:36.110176,450.0,23902747
-4.4841837653338645,euros,2024-02-08 19:54:32.110176,100.0,21329255
-320.84174976950135,euros,2024-02-10 23:30:13.110176,250.0,3404986
-1311.8771924090663,euros,1970-01-01 00:00:00.000000,250.0,13276031
-821.173509745042,euros,2024-01-22 23:51:40.110176,250.0,29699498
-1761.6014064599922,euros,2024-02-22 20:01:25.110176,250.0,10988383
-10.713081208837448,euros,2024-02-09 06:28:35.110176,100.0,22856247
-1683.6347688026697,euros,2024-01-25 14:06:21.110176,250.0,9419921
-2035.8754015762145,euros,2024-01-20 11:55:39.110176,250.0,12253551
-1790.505262787976,euros,2024-02-10 21:13:12.110176,450.0,18972489
-2875.552686308868,euros,2024-03-06 00:09:51.110176,250.0,5358753
-2743.507852460714,euros,2024-02-04 20:52:25.110176,250.0,28570700
-22.42369379744712,euros,2024-01-18 10:15:03.110176,100.0,8667355
-1695.8692661180974,euros,2024-02-28 10:47:38.110176,450.0,24256397
-628.1054736895359,euros,2024-02-10 11:24:21.110176,450.0,17497642
-646.5055320959774,euros,2024-02-28 23:04:52.110176,450.0,22406209
-1054.2138809431665,euros,2024-01-26 08:33:36.110176,250.0,13051167
-789.3142581693038,euros,2024-02-02 21:33:36.110176,200.0,29266052
-571.3604060233112,euros,2024-03-09 20:11:41.110176,250.0,830300
-2.947842986378727,euros,2024-03-01 23:18:17.110176,100.0,11610838
-1768.85268454959,euros,2024-02-26 18:18:46.110176,250.0,8795792
-1485.9036923684312,euros,2024-03-12 10:59:25.110176,250.0,2354003
-16.92287411589966,euros,2024-02-17 11:16:16.110176,100.0,26771349
1050.177807649051,libras,2024-01-27 04:27:38.110176,200.0,1981251
-5.222017926342058,euros,2024-01-25 19:33:27.110176,100.0,5853660
-34.330784054066456,euros,2024-01-24 02:06:40.110176,100.0,14118248
-39.6715680304787,euros,2024-02-20 02:31:36.110176,100.0,21406985
-1850.336974540274,euros,2024-01-29 00:08:09.110176,250.0,17284307
-2406.7700995797504,euros,2024-02-13 08:56:49.110176,250.0,25748146
-94.27336432652255,euros,2024-03-08 17:19:56.110176,450.0,13018429
-1230.7999196096057,euros,2024-01-26 08:16:59.110176,200.0,4806271
-1872.9828599205096,euros,2024-01-22 17:09:07.110176,450.0,3999529
-32.47483637777376,euros,2024-02-25 08:35:46.110176,100.0,11319170
-1586.6285363416878,euros,2024-03-02 08:59:50.110176,250.0,2995801
-1676.407351417097,euros,2024-02-27 01:18:56.110176,250.0,11516322
-832.1921760985749,euros,2024-03-07 10:49:09.110176,200.0,27322664
-2264.504542412561,euros,2024-03-07 16:21:16.110176,250.0,17619346
-903.0401497048372,euros,2024-02-03 02:13:54.110176,200.0,22556690
-1702.563966688997,euros,2024-02-20 05:21:36.110176,250.0,1426771
-33.8872861118221,euros,2024-02-09 10:51:04.110176,100.0,22465106
-38.43615262382027,euros,2024-03-08 07:13:05.110176,100.0,3396690
-874.860641070825,euros,2024-03-12 15:10:48.110176,250.0,17498558
-27.58881008900345,euros,2024-02-12 12:25:55.110176,100.0,14970971
-2043.1497491412124,euros,2024-02-03 00:20:26.110176,250.0,20305109
-9.670761154208344,euros,2024-03-02 10:00:05.110176,100.0,5181031
-7.566394908242318,euros,2024-01-15 01:43:12.110176,100.0,5892561
-34.57957902210471,euros,2024-02-28 02:02:48.110176,100.0,26636986
-1531.0806832470294,euros,2024-01-27 21:47:19.110176,450.0,17928781
-29.860849110611795,euros,2024-01-19 00:39:06.110176,100.0,14378654
-311.5442568153408,euros,2024-02-19 08:02:20.110176,250.0,16723946
-159.46827915400547,euros,2024-01-21 03:02:23.110176,450.0,20383506
-2710.8031686831487,euros,2024-02-10 03:25:07.110176,250.0,16508058
-788.626694223218,euros,2024-02-06 18:16:41.110176,200.0,18934116
-31.95583194910592,euros,2024-02-20 18:46:12.110176,100.0,1207483
-31.856295934855726,euros,2024-02-24 13:53:08.110176,100.0,4891469
-27.350666607528133,euros,2024-02-10 08:19:17.110176,100.0,4238230
-23.23647475316052,euros,2024-02-01 17:58:35.110176,100.0,8015460
-1069.6689079367743,libras,2024-01-22 22:00:20.110176,250.0,5944877
-99.6043397096256,euros,2024-02-15 00:16:37.110176,450.0,27153798
-1030.5341334453285,euros,2024-01-18 21:43:52.110176,250.0,5991280
-663.3319956903626,euros,2024-03-01 02:20:09.110176,250.0,10768662
-29.188274539624413,euros,2024-03-01 02:25:22.110176,100.0,8291107
-1712.8697036839603,euros,2024-02-02 13:48:20.110176,250.0,23518229
-19.016397063051613,euros,2024-02-03 09:35:41.110176,100.0,9465368
-15.65096304962781,euros,2024-01-22 12:17:37.110176,100.0,21336066
-1262.1322399015864,euros,2024-03-09 11:36:06.110176,250.0,21244580
-28.144771352742836,euros,2024-01-17 17:58:58.110176,100.0,29585978
-2725.7764161941664,euros,2024-01-25 01:13:47.110176,250.0,-99999
-337.8129698443024,euros,2024-02-25 11:41:23.110176,200.0,9664556
-385.5796275336792,euros,2024-01-23 09:42:22.110176,250.0,425602
-826.603898827866,euros,2024-01-25 00:54:27.110176,250.0,28788977
-40.42086646855465,euros,2024-01-30 06:20:02.110176,100.0,22603203
-28.47163727504109,euros,2024-03-08 20:29:38.110176,100.0,26665867
-11.249180353469027,euros,2024-02-26 19:55:15.110176,100.0,20060243
-1990.4958854144445,euros,2024-01-19 06:35:17.110176,250.0,12710928
-128.55355831706882,euros,2024-02-14 15:00:36.110176,450.0,24470672
-1400.0192974164752,euros,2024-02-08 04:33:08.110176,200.0,11828281
-682.7951494046772,euros,2024-02-08 07:48:05.110176,450.0,5173701
-1619.4798496157805,euros,2024-02-17 04:42:18.110176,250.0,17323655
-799.0796373448567,euros,2024-02-18 07:11:33.110176,450.0,11773172
-945.8149532025968,euros,2024-01-30 14:26:24.110176,200.0,19874709
-583.799344350186,euros,2024-03-07 13:49:33.110176,250.0,-99999
-7.319606369983134,euros,2024-03-11 00:17:03.110176,100.0,19236885
-1534.5072813284507,euros,2024-01-22 10:06:26.110176,450.0,27236380
-1605.6118600222471,euros,2024-02-26 16:35:09.110176,450.0,3545949
-2425.1267244707824,euros,2024-03-03 01:21:37.110176,250.0,5074988
-345.357148588524,euros,2024-02-29 16:59:59.110176,250.0,29004960
-2333.715652549805,euros,2024-01-16 06:12:49.110176,250.0,1198743
-41.06356297882089,euros,2024-02-20 05:27:57.110176,100.0,14822126
-1215.0971218641346,euros,2024-01-27 03:21:47.110176,450.0,9178022
-10.33257240025962,euros,2024-02-08 18:40:00.110176,100.0,24430991
-284.36312982568904,euros,2024-02-15 15:12:38.110176,450.0,9255423
-31.0697328320489,euros,2024-02-19 16:27:28.110176,100.0,29223812
-243.0282322303601,euros,2024-02-27 23:23:04.110176,450.0,21022678
-1149.772666063689,euros,2024-03-09 17:32:03.110176,200.0,8653902
-1235.1495499004125,euros,2024-01-22 02:55:15.110176,450.0,19913218
1238.8666365764411,euros,2024-02-03 07:06:04.110176,250.0,1277504
-14.877176942732882,euros,2024-01-17 04:34:59.110176,100.0,2132546
-2771.5812989065707,euros,2024-02-11 06:42:58.110176,250.0,28928090
-1063.6540435938916,euros,2024-01-31 09:48:33.110176,250.0,8716500
-28.465033326676625,euros,2024-03-09 13:08:10.110176,100.0,27086200
-27.330035736631668,euros,2024-02-03 03:02:11.110176,100.0,2949345
-1414.725274764336,euros,2024-01-29 14:19:25.110176,250.0,5329589
-1582.4415441667616,euros,2024-02-16 16:37:59.110176,450.0,16093848
-2409.0152349106925,euros,2024-02-26 19:25:03.110176,250.0,13444570
-556.0758260135823,euros,2024-02-23 18:08:04.110176,200.0,5608942
-1493.6219489861437,euros,2024-01-14 19:37:11.110176,250.0,28722487
-10.340200496884968,euros,2024-02-13 09:22:40.110176,100.0,12143431
-1229.6371221047093,euros,2024-03-03 19:19:55.110176,250.0,3527734
-3.512564663958999,euros,2024-02-23 13:53:14.110176,100.0,4772726
-1415.0400207283692,euros,2024-02-12 04:17:30.110176,200.0,26453979
-9.405474246688962,euros,2024-02-29 19:56:57.110176,100.0,2534135
-1937.297141129893,euros,2024-02-07 08:30:57.110176,750.0,5541801
-2642.8617894119816,euros,2024-02-13 02:38:46.110176,250.0,6388676
-22.915018375668232,euros,2024-01-29 13:28:24.110176,100.0,24682237
-1701.1920423400898,euros,2024-02-01 14:53:10.110176,250.0,1138034
-10.268327988332782,euros,2024-03-06 18:23:19.110176,100.0,29499702
-793.2347811612434,euros,2024-02-13 05:27:27.110176,250.0,23567621
-2225.023981186389,euros,2024-02-11 23:17:20.110176,250.0,4557529
-30.1692720089984,euros,2024-02-06 04:03:51.110176,100.0,6001901
-22.030582059593737,euros,1970-01-01 00:00:00.000000,100.0,24120020
-1649.1931045827064,euros,2024-03-07 19:58:23.110176,250.0,2835645
-28.379294132059226,euros,2024-01-28 17:58:42.110176,100.0,25507045
-900.7930603104402,euros,2024-02-25 05:39:31.110176,450.0,4474823
-945.8493329167736,euros,2024-02-13 17:41:50.110176,250.0,2129414
-207.1870592319653,euros,2024-02-28 06:32:39.110176,250.0,24706253
-35.58543408337583,euros,2024-02-15 19:20:18.110176,100.0,1589901
-1441.6829564197174,euros,1970-01-01 00:00:00.000000,250.0,22398501
-1564.605824577316,euros,2024-01-28 16:34:21.110176,450.0,9888321
-14.786714849195484,euros,2024-02-10 11:09:12.110176,100.0,12177058
-1114.7680952900105,euros,2024-02-02 14:37:54.110176,200.0,15299794
-38.48841156194457,euros,2024-02-17 04:33:14.110176,100.0,18541910
-1594.145993572154,euros,2024-03-08 19:50:22.110176,250.0,7694380
-11.555432968147803,euros,2024-02-05 05:40:43.110176,100.0,21737189
-1964.8620243833968,euros,2024-02-24 15:33:51.110176,250.0,24940961
-14.126209655716645,euros,2024-02-09 04:16:55.110176,100.0,16951375
-2481.280446955516,euros,2024-02-21 12:58:26.110176,250.0,27925511
-19.17676132611728,euros,2024-02-17 03:38:08.110176,100.0,23483139
-3.7376332448471095,euros,2024-01-29 01:17:05.110176,100.0,14838065
-2022.815734097735,euros,2024-01-14 16:50:23.110176,250.0,7974621
-2261.6140149293738,euros,2024-01-19 22:39:56.110176,250.0,10710234
-4.447686168207824,euros,2024-02-12 13:07:38.110176,100.0,29484280
-24.69590010816276,euros,2024-01-24 16:57:43.110176,100.0,15132924
-2770.237881987498,euros,2024-02-19 01:19:47.110176,250.0,20597986
-40.215053799550425,euros,2024-01-17 04:02:37.110176,100.0,11271759
-4.664217938199936,euros,2024-02-01 19:25:19.110176,100.0,19542688
-5.604230373932911,euros,2024-02-18 10:06:34.110176,100.0,6318652
-189.32464138100624,euros,2024-02-04 10:49:20.110176,250.0,25349748
-1836.8242134351897,euros,2024-01-16 08:59:06.110176,250.0,28887899
-847.174653025484,euros,2024-01-26 00:10:10.110176,250.0,15531046
-44.09235106817597,euros,2024-02-25 05:11:50.110176,450.0,1453287
-17.408322194175547,euros,2024-02-09 17:51:45.110176,100.0,25970064
-1118.1500217536004,euros,2024-03-10 10:35:24.110176,450.0,1720276
-2655.2082392704297,euros,2024-01-13 14:00:43.110176,250.0,21768031
-184.27042190251328,euros,2024-01-24 01:44:07.110176,450.0,24058803
-2783.536089677108,euros,2024-02-16 16:01:15.110176,250.0,29678496
-36.91829185552288,euros,2024-01-19 12:46:41.110176,100.0,24734758
-641.7386381254581,euros,2024-02-01 09:14:32.110176,250.0,25422090
-1585.0908448839405,euros,2024-01-14 12:28:30.110176,250.0,14315380
-30.909424069784222,euros,2024-01-23 02:51:52.110176,100.0,5209992
-592.3530568082132,euros,2024-01-27 13:21:39.110176,200.0,21989543
-1085.514650570172,euros,2024-01-22 18:39:06.110176,200.0,7477784
-1687.771533287788,euros,2024-01-25 12:36:12.110176,450.0,23315487
-1248.1791172982198,euros,2024-02-11 21:06:43.110176,450.0,6667704
-24.46753747666056,euros,2024-02-15 17:45:44.110176,100.0,29600310
-274.5670353502034,euros,2024-02-20 07:38:09.110176,200.0,17818944
-22.80042522487359,euros,2024-02-08 15:53:17.110176,100.0,12361673
-15.482235046948826,euros,2024-02-23 19:22:52.110176,100.0,24572669
-33.7335672083261,euros,2024-03-01 02:19:46.110176,100.0,22001657
-4.1028780391373685,euros,2024-01-16 08:39:39.110176,100.0,24707874
-2553.404001510721,euros,2024-03-01 18:24:04.110176,250.0,21623140
-5.961307514594509,euros,2024-03-05 11:18:43.110176,100.0,18489300
-1184.7086099080516,euros,2024-02-28 03:57:45.110176,200.0,25656027
-1292.7311771213667,euros,2024-02-03 02:49:41.110176,200.0,1456287
-11.267038011095703,euros,2024-03-04 08:50:35.110176,100.0,-99999
-13.795594780511262,euros,2024-03-12 09:02:36.110176,100.0,1930876
-39.10627193874363,euros,2024-01-25 13:20:51.110176,100.0,4771110
-1409.1214319621924,euros,2024-01-22 18:12:28.110176,450.0,17241198
614.0186192052581,euros,2024-02-07 05:20:25.110176,450.0,11359590
-20.1663420323406,euros,2024-02-25 02:09:06.110176,100.0,10253208
-3.4744800230032107,euros,2024-03-13 08:39:39.110176,100.0,23581004
-1966.165792856352,euros,2024-02-08 06:53:47.110176,250.0,7282890
-23.235961224907346,euros,2024-02-24 22:33:09.110176,100.0,21520300
-698.7677638840366,euros,2024-02-18 15:26:24.110176,250.0,21431109
-1503.4013698475671,euros,2024-02-28 01:51:51.110176,250.0,7844002
481.3066256614852,euros,2024-01-27 18:23:15.110176,200.0,5213871
-1279.504226699347,euros,2024-02-05 23:45:14.110176,250.0,22548628
-1304.9870778833276,libras,2024-02-15 11:26:03.110176,200.0,10317516
-74.81429199543062,euros,2024-01-26 18:27:56.110176,200.0,20115241
-1712.4468779942692,euros,2024-02-11 02:57:05.110176,450.0,11091258
-2386.355243643761,euros,2024-02-18 11:45:16.110176,250.0,21699639
-1584.9659313735824,euros,2024-02-13 15:57:06.110176,450.0,22112562
-37.10125236010584,euros,2024-02-19 06:07:54.110176,100.0,29781512
-1803.3239309109667,euros,2024-01-17 02:28:51.110176,250.0,8384570
-5.351707325467565,euros,2024-02-07 05:34:21.110176,100.0,10742358
-212.9691000333749,euros,2024-02-20 11:33:16.110176,450.0,21482359
-712.1552057844119,euros,2024-01-24 00:37:46.110176,450.0,19997913
1790.6307628414102,euros,2024-02-26 11:42:52.110176,250.0,11668798
-1480.3279740341334,euros,2024-02-09 05:40:21.110176,450.0,21253189
-5.565165500270512,euros,2024-03-09 14:20:38.110176,100.0,16321539
-1064.139332223526,euros,2024-02-28 04:37:11.110176,250.0,19686696
-1883.392631843524,euros,2024-02-23 18:38:18.110176,250.0,2566946
-1657.2371137873913,euros,2024-02-06 17:32:09.110176,250.0,3016574
-16.913489122754832,euros,2024-03-07 08:00:36.110176,100.0,21884766
-218.9459856559542,euros,2024-02-22 17:50:01.110176,450.0,2441542
-30.90839421193366,euros,2024-02-07 07:57:21.110176,100.0,4581823
-443.0836600272632,euros,2024-01-24 17:55:59.110176,250.0,10918798
-13.109307478399815,euros,2024-01-24 07:07:26.110176,100.0,17236589
7.837443951646048,euros,2024-01-15 15:13:52.110176,100.0,12086541
-1231.9357156864314,euros,2024-03-04 15:09:15.110176,450.0,14135148
-1803.765341981558,euros,2024-01-15 17:54:52.110176,450.0,21336062
-19.02389118995739,euros,2024-02-08 21:13:44.110176,100.0,27726432
-630.2337440717491,euros,2024-02-25 15:25:58.110176,200.0,9479174
-1661.2789343383524,euros,2024-02-19 09:25:11.110176,450.0,13270246
-1448.9926561997522,euros,2024-02-23 21:28:35.110176,250.0,1439243
-803.657091632806,euros,2024-02-14 05:55:50.110176,250.0,19258391
-379.1817281894236,euros,2024-02-23 20:27:23.110176,450.0,17224498
-25.642107480016364,euros,2024-01-24 23:57:19.110176,100.0,15049441
-2333.4172392641885,euros,2024-02-05 19:31:45.110176,250.0,1714334
-1440.1588442065836,euros,2024-02-23 10:43:12.110176,450.0,2448154
-34.25089321820026,euros,2024-02-05 08:55:07.110176,100.0,5860685
89.23360543723405,euros,2024-01-17 20:28:48.110176,250.0,22905814
-577.7062484040713,euros,2024-03-08 14:50:46.110176,450.0,472116
-1636.521200378944,euros,2024-01-20 19:28:22.110176,250.0,25444302
-1670.3682930704724,euros,2024-03-08 05:48:15.110176,450.0,12842629
-1919.3885054752257,euros,2024-03-09 09:28:58.110176,250.0,26100571
-661.2784826487302,euros,2024-01-14 04:24:37.110176,450.0,1651751
40.274488275575706,euros,2024-02-29 08:47:50.110176,100.0,29859417
-1608.0320091797491,euros,2024-02-20 17:21:00.110176,250.0,22452350
-163.22288005837703,euros,2024-01-14 03:56:48.110176,250.0,21594832
-1931.864571563107,euros,2024-02-25 20:33:33.110176,250.0,24719208
-37.46607575762003,euros,2024-01-17 19:28:12.110176,100.0,937768
-38.0650069671056,euros,2024-01-20 11:15:38.110176,100.0,21646773
-25.97265629147748,euros,2024-02-07 22:05:45.110176,100.0,1701457
-28.33273665949755,euros,2024-02-13 03:29:26.110176,100.0,12345130
-278.4287495070916,euros,2024-02-12 18:37:34.110176,250.0,1988705
-38.41537510076447,euros,2024-03-05 17:28:56.110176,100.0,7512979
542.4524332922242,euros,2024-01-14 04:55:40.110176,250.0,22566005
-2546.68685385453,euros,2024-02-06 12:28:03.110176,250.0,26434573
-661.4828955562967,euros,2024-02-14 06:03:19.110176,250.0,22732857
-866.2935111794027,euros,2024-01-15 05:39:40.110176,450.0,20172116
-2295.1885108290294,euros,2024-02-03 11:55:16.110176,250.0,28469286
-11.01425317282475,euros,2024-01-24 02:29:33.110176,100.0,29866504
-1362.6757926923765,euros,2024-01-18 12:36:23.110176,450.0,2510501
-22.212027414672228,euros,2024-02-18 06:25:34.110176,100.0,16661924
-101.13059711089676,euros,2024-02-22 18:12:59.110176,450.0,22777490
-40.3841798871272,euros,2024-02-10 14:17:24.110176,100.0,25731974
-33.216110314634086,euros,2024-02-23 14:49:14.110176,100.0,2389682
-1740.5563871515506,euros,2024-03-10 20:12:22.110176,450.0,9759927
-2697.959705871746,euros,2024-01-18 18:19:09.110176,250.0,22397883
-1392.1040882826114,euros,2024-01-25 09:12:00.110176,450.0,6666300
-1828.2471951488983,euros,2024-03-10 00:16:33.110176,450.0,28037474
-822.233815080289,euros,2024-01-30 20:40:00.110176,450.0,27748993
-1504.3591977379726,euros,2024-02-10 16:20:05.110176,200.0,24455024
-474.7020404437591,euros,2024-01-30 00:19:11.110176,200.0,9208778
-8.334458256575576,euros,2024-02-12 14:00:40.110176,100.0,1447310
-1333.4999002674947,euros,2024-02-24 00:53:36.110176,200.0,13034135
-1824.03166792402,euros,2024-03-02 02:35:58.110176,750.0,19148767
-1089.1326618455016,euros,2024-02-16 18:21:39.110176,450.0,731093
-795.7351437261644,euros,2024-03-10 14:37:46.110176,200.0,15854659
-2019.462784254672,euros,2024-03-11 01:06:02.110176,250.0,1818205
-39.90113531038067,euros,2024-02-27 10:39:03.110176,100.0,26113494
-30.1330640282312,euros,2024-02-02 20:48:01.110176,100.0,24189543
-15.284374679355963,euros,2024-02-23 08:19:57.110176,100.0,3763952
-2183.941338159856,euros,2024-03-08 20:45:24.110176,250.0,29083605
-1750.8356234160162,euros,2024-02-07 04:22:19.110176,250.0,16437008
-1063.3644059876046,euros,2024-02-19 13:18:55.110176,250.0,25377655
-3.8064888328964,euros,2024-02-03 09:43:47.110176,100.0,22410260
-16.019888934719607,libras,2024-03-10 09:46:50.110176,100.0,4814816
-362.7628622791544,euros,2024-03-10 23:10:41.110176,250.0,22964713
-1179.490118788349,euros,2024-01-29 00:01:21.110176,250.0,13651410
-556.520563171984,euros,2024-01-25 09:44:05.110176,200.0,8488432
-10.001912710729028,euros,2024-01-14 18:27:01.110176,100.0,2949839
-735.5734105810227,euros,2024-02-10 00:16:37.110176,250.0,15942910
-1997.6548676830705,euros,2024-02-17 21:16:58.110176,250.0,2771312
-2504.329068237241,euros,2024-01-30 08:54:09.110176,250.0,27289595
-1511.956025608773,euros,2024-03-01 01:12:51.110176,250.0,6868129
-10.002753991792869,euros,2024-01-22 18:22:10.110176,100.0,936927
-158.2565360392815,euros,2024-01-29 05:35:12.110176,200.0,27827909
-30.908128490266023,euros,2024-01-29 12:15:53.110176,100.0,15293634
-14.571849395610275,euros,2024-02-18 14:55:34.110176,100.0,23973399
-12.906036770024992,euros,2024-02-13 12:32:12.110176,100.0,18830011
-1035.1038719500675,euros,2024-01-25 18:48:15.110176,450.0,3372964
-1331.3497282286392,euros,2024-02-09 07:56:39.110176,250.0,18659073
-35.7477663650496,euros,2024-02-04 09:34:30.110176,100.0,24023900
34.772216850722835,euros,2024-02-04 10:58:01.110176,100.0,29702918
-36.18518788653268,euros,2024-01-14 00:40:11.110176,100.0,18698319
-481.086442763306,euros,2024-02-04 14:27:04.110176,250.0,14026453
-982.8216680813048,euros,2024-01-24 07:41:54.110176,250.0,29096333
-1496.131174029524,euros,2024-01-22 02:45:21.110176,450.0,12822226
-30.049682849998398,euros,2024-03-01 04:05:48.110176,100.0,8259381
-762.4808765086018,euros,2024-01-22 23:08:28.110176,250.0,4083225
-1832.148382670374,euros,2024-02-18 10:57:41.110176,450.0,3364754
-1358.4077762838751,euros,2024-02-06 04:33:44.110176,200.0,18224913
19.28541150729819,euros,2024-01-24 20:29:06.110176,100.0,12433604
-2751.7673189055845,euros,2024-01-18 20:52:41.110176,250.0,21260948
-820.7801781182283,libras,2024-03-11 23:10:03.110176,450.0,12596230
-316.2570488873899,euros,2024-03-04 18:36:17.110176,250.0,13214828
-1428.4562570563166,euros,2024-02-18 18:59:37.110176,250.0,29214421
-2702.928161285545,euros,2024-03-05 14:47:13.110176,250.0,9066142
-38.240162628938265,euros,2024-01-23 08:02:26.110176,100.0,21884604
-238.6344916890621,euros,2024-01-31 19:40:02.110176,250.0,21889865
-39.7048653076484,euros,2024-02-03 07:31:12.110176,100.0,19651803
-32.50032015126538,euros,2024-03-03 23:31:31.110176,100.0,9516805
-25.007523187302684,euros,2024-03-07 03:39:03.110176,100.0,21923851
-16.21293922403775,euros,2024-01-13 16:57:24.110176,100.0,28849212
-29.401603553221378,euros,2024-02-23 03:57:25.110176,100.0,17488643
-749.7201895909438,euros,2024-01-29 03:34:02.110176,450.0,14215104
-1734.6684617478709,euros,2024-02-24 19:20:37.110176,250.0,15450200
-1791.222272222314,euros,2024-02-12 17:03:05.110176,250.0,28623509
158.11720466141205,euros,2024-02-08 18:49:23.110176,450.0,297654
-430.2659807450214,euros,2024-02-10 20:02:31.110176,200.0,4271586
-767.0353741326915,euros,2024-01-15 20:37:17.110176,250.0,28912008
-13.206426622140825,euros,2024-02-10 20:55:50.110176,100.0,16690258
-1050.6850731254667,euros,2024-01-26 22:00:10.110176,450.0,18144155
-302.3241655260215,euros,2024-01-25 18:22:30.110176,250.0,28459799
-1077.4581311432582,euros,2024-01-15 06:47:46.110176,200.0,4961800
26.07983633343354,euros,2024-03-10 14:00:07.110176,100.0,10141698
-36.6529016218198,euros,2024-02-13 20:24:26.110176,100.0,13725661
25.331407169828296,euros,2024-02-28 13:25:30.110176,100.0,12213076
-28.768925723761907,euros,2024-02-25 18:11:02.110176,100.0,12814627
-57.39282833057342,libras,2024-01-23 20:53:38.110176,450.0,20246498
-990.7556827189428,euros,2024-03-12 00:27:44.110176,250.0,6800393
-12.954458965803482,euros,2024-02-24 08:17:11.110176,100.0,28766087
-19.18301637682267,euros,2024-03-07 20:56:49.110176,100.0,11774539
-688.6667149940666,euros,2024-01-25 14:03:29.110176,200.0,9101978
-1731.5853988581548,euros,2024-02-11 01:24:57.110176,450.0,6558749
-983.6985315720996,euros,2024-02-18 03:33:04.110176,450.0,1748534
-38.11412620871423,euros,2024-02-08 05:51:05.110176,100.0,14336594
-569.8254553991864,euros,2024-02-14 04:48:57.110176,450.0,16306320
-1403.3113371697923,euros,2024-03-05 00:13:46.110176,250.0,6684849
30.69655136025641,euros,2024-02-24 14:40:17.110176,100.0,14674701
-1259.0358593879523,euros,2024-02-17 16:53:56.110176,250.0,28961415
-1628.8317988632618,euros,2024-01-14 18:32:45.110176,250.0,28406353
-681.6019457810439,euros,2024-03-05 01:33:50.110176,450.0,26695074
-1030.6988273091604,euros,2024-03-12 10:28:44.110176,450.0,1116112
-374.66691568792544,euros,2024-01-14 19:38:39.110176,250.0,14271742
-2601.8370874050124,euros,2024-01-20 19:37:43.110176,250.0,6582644
-778.4622850235166,euros,2024-02-15 18:04:56.110176,250.0,16778518
-9.64096719872718,euros,2024-02-11 04:29:02.110176,100.0,20398252
-26.506604344370555,euros,2024-01-23 14:50:36.110176,100.0,27593043
-7.5769987427835375,euros,2024-02-08 15:58:52.110176,100.0,4343515
-276.5689868084041,euros,2024-01-17 23:23:44.110176,450.0,25611685
-50.98185232262233,euros,2024-02-20 04:42:44.110176,450.0,13543091
-1394.1710531227989,euros,2024-03-10 06:36:37.110176,450.0,3334174
-833.4688221893194,euros,2024-01-13 16:18:44.110176,450.0,20941270
-314.10833728362064,euros,2024-02-23 19:41:59.110176,200.0,18441992
-1689.214560690706,euros,2024-03-08 10:22:50.110176,450.0,4833994
-1673.5546447584054,euros,2024-03-08 08:08:57.110176,250.0,17205944
-32.85416594691862,euros,2024-02-01 15:23:00.110176,100.0,3123445
-487.24022528702056,euros,2024-02-02 22:41:15.110176,250.0,26675309
257.4511554834782,euros,2024-01-14 04:15:41.110176,250.0,3582840
-805.1765550401079,euros,2024-02-22 11:23:06.110176,250.0,15756496
1224.8258435904906,euros,2024-01-28 02:26:35.110176,200.0,21249055
-20.26566730093307,euros,2024-03-08 09:05:55.110176,100.0,16545538
-261.74859855227845,euros,1970-01-01 00:00:00.000000,450.0,20281460
-22.037645493676887,euros,2024-01-14 20:36:06.110176,100.0,4034549
-1112.9151344630675,euros,2024-01-25 11:38:53.110176,250.0,16726065
-875.6647471988075,euros,2024-02-09 04:45:53.110176,250.0,22784141
-2582.575427255409,euros,2024-02-13 03:24:54.110176,250.0,29582806
-6.992395877179054,euros,2024-02-19 09:16:16.110176,200.0,630225
-19.938864257414945,euros,2024-01-21 11:51:19.110176,100.0,24068308
-1395.426066369764,euros,2024-01-27 16:45:46.110176,200.0,155951
-40.3242172163987,euros,2024-02-02 13:58:52.110176,100.0,23621687
-7.915387211158896,euros,2024-01-31 21:12:24.110176,100.0,7510622
-2679.890535509955,euros,2024-02-17 01:13:04.110176,250.0,10238211
-113.7438612711495,euros,2024-02-07 10:44:14.110176,250.0,13458860
-18.477494182326907,euros,2024-02-13 01:49:54.110176,100.0,17002718
-369.7841734273216,euros,2024-02-06 20:32:50.110176,250.0,10586425
-30.85041972376379,euros,2024-01-27 18:41:21.110176,100.0,20533053
-17.80592056470119,euros,2024-02-13 00:52:33.110176,100.0,7049641
-35.717433174179405,euros,2024-02-24 13:35:25.110176,100.0,20521826
-2039.892326632293,euros,2024-02-03 13:00:12.110176,250.0,21297743
-18.08795070974752,euros,2024-01-16 21:40:02.110176,100.0,14995654
-1652.2216812780796,euros,2024-01-30 11:55:51.110176,250.0,14593073
-13.630121393969947,euros,2024-01-21 06:09:54.110176,100.0,2535530
-697.6157737427376,euros,2024-02-07 10:07:17.110176,250.0,3378033
-12.100121409246732,euros,2024-03-01 18:40:33.110176,100.0,5072617
-30.98568589763305,euros,1970-01-01 00:00:00.000000,100.0,7608116
-411.3570970368156,euros,2024-01-19 11:55:17.110176,250.0,15252085
-656.6338867380642,euros,2024-02-26 21:09:35.110176,200.0,7660398
-193.19776939669637,euros,2024-01-21 06:48:21.110176,250.0,-99999
-698.105031902867,euros,2024-01-15 17:36:07.110176,450.0,10654975
-14.953899231746172,euros,2024-02-22 23:39:36.110176,100.0,13833562
-1876.9248207777052,euros,2024-02-17 14:46:07.110176,250.0,6552876
-32.783980436173145,euros,2024-01-17 11:41:42.110176,100.0,28844886
-1459.72732862493,euros,2024-02-02 02:36:00.110176,200.0,24038106
-323.23595747594027,euros,2024-02-02 05:59:33.110176,250.0,960812
-1236.7573970274393,euros,2024-02-18 07:04:50.110176,450.0,14388546
-27.85003389184161,euros,2024-03-08 18:11:56.110176,100.0,8547433
-27.60972073936649,euros,2024-01-27 00:11:41.110176,100.0,19588833
-31.0860267460392,euros,2024-03-04 06:28:24.110176,100.0,1987254
-109.22845105551498,euros,2024-03-04 00:53:38.110176,450.0,9970633
-39.77826668241158,euros,2024-01-16 17:28:01.110176,100.0,1547690
-72.64850482801995,euros,2024-02-26 04:34:14.110176,250.0,18908928
-2795.24145688525,euros,1970-01-01 00:00:00.000000,250.0,1076655
-1325.27570853898,euros,2024-02-02 09:49:59.110176,250.0,24968252
-837.0957656146529,euros,2024-02-05 19:10:51.110176,200.0,10091996
-25.035000637734587,euros,2024-03-07 22:43:02.110176,100.0,20273855
-8.63912255082473,euros,2024-01-14 06:49:12.110176,100.0,18772267
-375.37499292930846,euros,2024-01-23 18:23:41.110176,250.0,15314118
-895.622338855652,euros,2024-03-10 18:04:39.110176,250.0,18417033
-1023.561429457607,euros,2024-02-06 02:12:09.110176,200.0,12168630
-2.780953575709185,euros,2024-02-09 10:01:02.110176,100.0,5971250
-75.32341878893199,euros,2024-02-03 06:10:20.110176,250.0,-99999
-17.038229647196996,euros,2024-03-03 23:01:49.110176,100.0,15851164
-2847.3639473239177,euros,2024-02-24 04:46:32.110176,250.0,2217998
-368.0173404005018,euros,2024-02-08 08:45:30.110176,450.0,11511646
-3.660086842549233,euros,2024-03-03 08:26:25.110176,100.0,10668236
-16.68133010783004,euros,2024-03-01 02:22:08.110176,100.0,12789156
-22.5569225387838,euros,2024-02-24 16:41:25.110176,100.0,9202547
-206.38047579712196,euros,2024-03-07 21:59:21.110176,450.0,23094183
-591.7799152278113,euros,2024-03-01 03:18:12.110176,200.0,20504189
-105.95428950792288,euros,2024-02-11 17:57:13.110176,250.0,7164389
-1295.6688105157568,euros,2024-02-08 15:39:12.110176,450.0,3275844
-1353.8342761387028,euros,2024-02-03 13:47:09.110176,450.0,28254635
-16.782328053948955,euros,2024-01-22 03:56:22.110176,100.0,20970714
-1181.3955505104543,euros,2024-01-23 07:18:32.110176,250.0,4356168
-1175.7948814624997,euros,2024-01-17 09:31:43.110176,250.0,4270041
10.52421576166681,euros,2024-01-27 10:27:57.110176,100.0,2034658
-38.41626221240719,euros,2024-02-16 23:49:12.110176,250.0,25996147
-1129.902082266508,euros,2024-01-14 23:28:23.110176,450.0,4900227
-36.786240994856485,euros,2024-02-10 09:31:02.110176,100.0,8009068
-1746.0781788941083,euros,2024-02-23 01:47:44.110176,450.0,29185847
-457.3991202633089,euros,2024-02-29 22:43:42.110176,200.0,14573876
-633.2565432113447,euros,2024-03-09 03:13:50.110176,200.0,6685502
-45.20621985696918,euros,2024-03-08 23:18:37.110176,250.0,29873997
-1741.007069822553,euros,2024-02-14 19:59:01.110176,450.0,23892027
12.62973721115357,euros,2024-03-08 13:02:02.110176,100.0,28085802
-39.28951011158701,euros,2024-03-10 22:03:15.110176,100.0,23292305
-713.7891819910043,euros,2024-02-04 10:37:47.110176,450.0,1536841
-12.157019060251928,euros,2024-02-24 22:04:42.110176,100.0,539963
-8.444280203825787,euros,2024-01-21 07:09:26.110176,100.0,1624324
-1945.3677000727,euros,2024-01-24 02:20:59.110176,250.0,10754880
-126.20692110968004,euros,2024-03-02 10:25:48.110176,200.0,21629662
-2389.770651746788,euros,2024-03-08 07:37:02.110176,250.0,21595477
-1254.6318849708089,euros,2024-02-11 16:53:15.110176,250.0,26305329
-24.360456319717716,euros,2024-02-17 06:18:40.110176,100.0,8981771
-1575.9073250982829,euros,2024-02-29 08:30:14.110176,450.0,13547467
-36.04934201846545,euros,2024-03-10 07:03:46.110176,100.0,14787839
-1405.3712805683765,libras,2024-03-11 08:10:57.110176,450.0,6600813
-213.9956071118458,euros,2024-02-16 15:58:45.110176,200.0,26704941
-35.6586213132604,euros,2024-03-02 23:14:02.110176,100.0,5876764
-2291.799418789788,euros,2024-03-04 09:15:56.110176,250.0,27985006
-1549.140081892847,euros,2024-01-26 07:18:29.110176,450.0,6277215
-974.4418782511176,euros,2024-01-24 14:16:18.110176,250.0,29101828
-35.29151537200539,euros,2024-02-21 11:12:27.110176,100.0,12386105
-1138.2180908168289,euros,2024-03-03 11:56:10.110176,450.0,5188817
-1851.532389440784,euros,2024-02-14 03:23:58.110176,250.0,18268098
-1700.7885166351894,euros,2024-03-02 23:24:25.110176,250.0,12639543
-34.575428521077946,euros,2024-03-12 11:44:04.110176,100.0,7205366
-27.529782950371263,euros,2024-02-29 19:35:25.110176,100.0,1540055
-31.319037205127703,euros,2024-01-14 08:45:52.110176,450.0,3992682
-33.93281859007163,euros,2024-02-20 11:03:09.110176,100.0,3416535
-21.02596739456341,euros,2024-01-16 21:39:36.110176,100.0,8680229
-34.353216123022825,euros,2024-01-25 02:35:25.110176,100.0,5285575
-29.542119182319567,euros,2024-01-22 20:42:54.110176,100.0,4165940
-2623.094991434537,euros,2024-02-23 07:29:58.110176,250.0,16481588
-1818.0579406145985,libras,2024-01-27 07:38:40.110176,450.0,23826231
-21.15154765058764,euros,2024-02-29 02:30:55.110176,100.0,20188082
-35.915846565710375,euros,2024-01-15 12:52:10.110176,100.0,21452848
-7.822739693877505,euros,2024-02-03 06:07:11.110176,100.0,6039512
-947.5863728254462,euros,2024-03-12 12:22:54.110176,450.0,10309759
-64.59178928913389,euros,2024-01-30 03:32:34.110176,450.0,28598636
-28.534826537214368,euros,2024-03-07 13:24:25.110176,100.0,12607064
-226.84387936464344,euros,2024-02-26 03:10:52.110176,450.0,22169528
-1070.8673415838275,euros,2024-02-02 05:00:59.110176,450.0,6648140
-1566.1197978701953,euros,2024-02-04 07:16:23.110176,450.0,23635263
-2665.563882782456,euros,2024-01-25 09:48:00.110176,250.0,13492590
-2488.4214075555856,euros,2024-03-11 07:26:04.110176,250.0,4576628
-92.26382804587112,euros,2024-02-09 16:12:17.110176,200.0,24252619
-487.4950990385767,euros,2024-02-07 15:41:35.110176,450.0,13514362
-2247.102492479438,euros,2024-01-14 19:39:30.110176,250.0,13020410
-392.0131017527973,euros,2024-02-09 14:58:01.110176,450.0,9811886
