index,valor,operacion,moneda,timestamp,id_cliente,transaccion_id,concepto
,-1600.6828457859942,400,euros,2024-01-19 19:55:50.561230,23193334,,
7234844.0,2481.6295423057263,50,euros,2024-02-16 01:31:51.028645,27717849,6FlpOqsMxLhuLW7ouszr,
,2961.128894532796,400,euros,2023-12-30 17:12:46.561230,7667712,,
3774426.0,923.10565626304,50,euros,2024-02-29 03:46:00.028645,21245162,Qk1U3YnHFdvYGBEu1f3S,
6117580.0,-1036.8382914223937,50,euros,2024-01-13 19:52:57.028645,9067490,SRb7DJwUvV5XRNyt02sn,
11686573.0,-1395.8846613489382,50,euros,2024-01-28 11:05:27.028645,2499582,VdhTBHRDeAH5yLU2xele,
,-470.6520191688105,400,euros,2024-01-18 15:08:25.561230,4272164,,
,1961.1960723209768,400,euros,2024-03-03 13:38:07.561230,24816102,,
,-1947.730119481173,400,euros,2023-12-17 04:15:09.561230,23518955,,
6078090.0,2758.0039700962143,50,euros,2024-01-14 17:25:05.028645,20665824,qx6WZdo7fTaAP92wpsXJ,
,-2133.107589871453,400,euros,2024-05-30 06:23:10.561230,7872896,,
7221912.0,-2452.102430983302,50,euros,2024-03-06 02:14:18.028645,11595518,RtfLzRj625yTtvFTIfPe,
11976008.0,1747.6410771512135,50,euros,2024-02-05 17:29:37.028645,24808543,svKaf1gONucuLiZnFTNs,
,-902.9985702906806,400,euros,2024-04-06 20:13:15.561230,16850206,,
,-1725.730956769476,400,euros,2024-01-13 04:43:29.561230,1679380,,
14100199.0,13.759378428214404,50,euros,2024-02-19 07:50:47.028645,28690120,R6v3K5N9nzXqVy8atl6Q,
749005.0,2181.4932511053285,50,euros,2024-03-01 06:56:24.028645,16440920,IZ742lYnkAtOz42VZLSW,
,66.83859507122634,400,euros,2024-05-16 14:13:34.561230,20446118,,
,156.76261057201737,400,euros,2023-12-23 07:40:00.561230,31313451,,
,866.9955896402935,400,euros,2024-01-04 01:44:56.561230,19881958,,
,-2218.2981879624654,400,euros,2024-06-05 19:09:22.561230,23801633,,
,689.5228885035863,400,euros,2024-01-31 13:58:21.561230,19676699,,
1992757.0,439.46921522330194,50,euros,2024-03-02 18:36:58.028645,28908202,eRMSkzrAqGq4TDJFe28g,
,873.1417347556762,400,euros,2023-12-31 01:38:04.561230,25780180,,
,2055.304149891444,400,euros,2024-02-10 18:47:19.561230,28065232,,
9131254.0,-1294.7508167770677,50,euros,2024-02-11 17:58:15.028645,9913169,FTdAmGHVVFYOR78MihnO,
13997269.0,1753.506218729458,50,euros,2024-01-22 11:51:59.028645,25875743,auXSZHriyOr7T3178RQ7,
14365401.0,942.5136730994192,50,euros,2024-02-23 17:56:42.028645,7550558,T5qt3okhPItn8vfH5raz,
1774413.0,-1875.2206063862243,50,euros,2024-03-02 00:59:51.028645,4125241,VyIFqGYrdffl2NyKuyaw,
,232.63753938835907,400,euros,2024-04-27 06:55:16.561230,4646438,,
,-2017.189344163596,400,euros,2024-02-15 09:19:49.561230,14374443,,
3691182.0,-2377.017073675504,50,euros,2024-02-27 16:41:50.028645,20107530,oVgicZTED7ty7A0yj8JX,
7156835.0,-1399.0656703314642,50,euros,2024-01-24 06:55:25.028645,18684985,pl7PJMAbHXQPeexSC9gp,
,-2125.0333461041537,400,euros,2024-03-28 07:41:36.561230,26010743,,
4757407.0,2071.1956276781684,50,euros,2024-02-02 16:21:50.028645,7475445,pJds7GB63wgVoy0iMFX0,
10494906.0,-1028.987033046553,50,euros,2024-02-17 06:34:45.028645,1335253,HaeehenjqqugdCXCPPzE,
176450.0,2800.449473316644,50,euros,2024-02-20 12:55:22.028645,2432626,9HhSuSaFFl9EdQZhWW7V,
6847170.0,-2047.840867866068,50,euros,2024-01-19 08:06:40.028645,26582528,wCpaqusIC5w6IpODlnqB,
,-825.1291700175655,400,euros,2024-03-19 09:16:18.561230,26843513,,
8266034.0,1783.4573081401677,50,euros,2024-03-02 22:40:47.028645,24275213,7JlIU8DQrFYSfzjfIP8o,
11723512.0,-1656.4806588490987,50,euros,2024-02-04 13:07:44.028645,29065051,paUAvezzIXkJVuwpAMlh,
,2135.5969062497443,400,euros,2024-03-15 07:57:49.561230,20726396,,
11925899.0,-150.3183582038805,50,euros,2024-02-17 09:59:05.028645,2287727,tueUhLFeVqkbOIxjmxeh,
4744832.0,2728.2697706773897,50,euros,2024-01-19 08:20:25.028645,11565483,urg6ss6Lw5mRr8lFSG6q,
2465111.0,-192.66742338696625,50,euros,2024-01-22 02:08:32.028645,21172416,QXpbr64n2PpixjY9zr7A,
9446482.0,-715.1413318455432,50,euros,2024-02-24 20:51:52.028645,22994714,MgCR7Ns6dL8Spz28k3TQ,
,2274.279051777221,400,euros,2024-02-11 15:20:50.561230,3287345,,
14360389.0,-1951.0737093682983,50,euros,2024-01-31 03:55:28.028645,2894775,W2gBUg5i1CtBJ2NTVsbH,
4573049.0,2158.420636589847,50,euros,2024-03-11 12:51:54.028645,13290186,mikDb4pSbjgxCei0i8Yy,
,-494.88354411048704,400,euros,2024-04-05 09:46:19.561230,15672380,,
,935.7794285674922,400,euros,2024-01-11 23:21:00.561230,5624319,,
436045.0,594.6441347808282,50,euros,2024-02-21 15:12:27.028645,5711659,3FVizkKfXDbGHQQFcxiB,
12280483.0,696.715680244617,50,euros,2024-01-29 23:59:31.028645,25658441,GIJtBlgkdIBTXhX2swE6,
10939539.0,-362.9016164687241,50,euros,2024-03-11 04:30:10.028645,3242432,qYaUEisUTV372YCLTu3w,
4226713.0,-1417.8453891105655,50,euros,2024-03-01 23:54:25.028645,16812639,U202wyLpPY8anH1BI60z,
22847.0,-1477.8483939372595,50,euros,2024-02-22 04:16:02.028645,29385733,oCuzKJLCgHDDWeg8pMFb,
,-1677.1037126652636,400,euros,2023-12-24 19:51:39.561230,12910642,,
3980530.0,2141.4169413602312,50,euros,2024-02-26 20:32:19.028645,29684044,8HTwGY5FSntBlY7N0Q7n,
6253391.0,2937.5739002747423,50,euros,2024-02-16 21:40:09.028645,6907178,6h7hH6buF1FEj4a193tz,
12611224.0,-1049.9534769469662,50,euros,2024-03-07 15:02:12.028645,26620310,CiKqvjZ9FKQbsuP1CcxD,
6268874.0,-1856.1644983151612,50,euros,2024-01-18 09:59:25.028645,13109516,MVLkz0QqDd7FJL1K4cVF,
,1328.1972927655193,400,euros,2024-01-26 17:37:43.561230,1489768,,
,-449.8383168433297,400,euros,2024-05-03 08:25:55.561230,23815037,,
11279264.0,612.6598313872387,50,euros,2024-02-03 02:27:09.028645,17590487,sAaeuoe85ywoa4B594CL,
5478018.0,-2015.0600032605084,50,euros,2024-01-20 01:47:45.028645,13537545,aOD7aYXpErnG27V2eMrn,
,-1902.158571493332,400,euros,2024-04-25 12:26:05.561230,6515335,,
7187038.0,-830.4591193156648,50,euros,2024-01-24 19:24:33.028645,12367267,wd268TjL4GX2aKxLImpr,
,-1141.8729244121562,400,euros,2024-03-28 20:18:41.561230,2128123,,
4159423.0,50.18050294500063,50,euros,2024-03-06 19:45:08.028645,26406705,CRGoEuox2AHQJw0V3ab2,
,-1520.695412337656,400,euros,2024-01-29 15:47:35.561230,5208265,,
,-1083.0052842039895,400,euros,2023-12-23 00:53:34.561230,12204915,,
6856909.0,960.6777801855778,50,euros,2024-01-25 04:02:49.028645,18275579,NmpVM9HcoIbnlxaOCaCG,
4248572.0,1301.4673688157843,50,euros,2024-01-20 06:47:01.028645,13396258,gyfJKOSIB7B0vvf5396I,
,2742.932573803569,400,euros,2024-03-09 02:13:20.561230,8277531,,
,619.9552524930409,400,euros,2023-12-29 01:47:09.561230,7211875,,
6987321.0,813.7839526902021,50,euros,2024-03-08 13:41:19.028645,28506695,Czo9AmW47BXv1xvBOkyq,
140533.0,-1829.6856732483443,50,euros,2024-03-06 06:00:11.028645,27702967,0dfK0NoeqxHTprYW6I2J,
2453813.0,-1494.0783060763274,50,euros,2024-02-13 15:35:54.028645,3433418,jFGlx1smLP7vlAxjnVr3,
,2217.7717965593984,400,euros,2024-02-22 06:26:48.561230,6081570,,
10539861.0,-1717.6883208350507,50,euros,2024-03-07 21:34:00.028645,11589976,HbmKtgxQHsAzuQBLlY9n,
7479930.0,-63.53447599732908,50,euros,2024-02-07 09:47:45.028645,7082366,i0odljDbqxKTHN6r2fQO,
10777636.0,1434.2931588480085,50,euros,2024-02-07 18:00:23.028645,21758788,i3GZdw458EB6F9fDSqAb,
,-2276.758568534776,400,euros,2024-01-09 22:59:54.561230,17937726,,
,-2062.0155242624505,400,euros,2023-12-15 05:53:29.561230,20422373,,
,-1307.1873040999403,400,euros,2024-04-08 14:32:47.561230,16567955,,
9688309.0,172.81186558769014,50,euros,2024-02-09 18:42:06.028645,6510837,Ouwn8MFXIONtKZcHqPef,
,1036.407406242386,400,euros,2024-01-27 13:16:02.561230,16873482,,
12311611.0,2710.441829237629,50,euros,2024-02-22 23:29:59.028645,10633755,mp1cUMzVb5OrxSeS1LKg,
,-2134.414962764288,400,euros,2024-05-20 02:32:30.561230,9106574,,
13114772.0,1162.4820349515694,50,euros,2024-01-17 13:23:40.028645,14854306,ZAzcz6JIUFLoVNPxFMCx,
9108458.0,2653.817446637392,50,euros,2024-03-05 03:27:39.028645,4791731,nAj5I0TTVfE46BH2TBPW,
13077611.0,447.4570012891832,50,euros,2024-02-23 23:52:22.028645,20658390,5Kf9YDn858UYT4r5mt9p,
,2638.760510895767,400,euros,2024-05-21 07:02:13.561230,27497050,,
6792431.0,-1207.972771888142,50,euros,2024-02-21 14:22:45.028645,16906283,UAhxAFg4BJuBgO4prs0X,
,-2522.768289562519,400,euros,2024-01-17 06:14:05.561230,12463084,,
7814420.0,2442.7452727345026,50,euros,2024-02-02 23:27:03.028645,4174623,OEmLmZ5XYAziNZE9SAI1,
,-1252.633268435281,400,euros,2023-12-15 19:35:35.561230,9788259,,
575886.0,2901.003635518523,50,euros,2024-01-22 03:34:55.028645,1697106,H0bYRXPdQSK3b0P7y1B0,
1346028.0,-2245.726835280544,50,euros,2024-02-18 04:03:14.028645,28174066,rSUCqB7R75iHloNksE4s,
12636013.0,1217.8851186148368,50,euros,2024-02-06 04:08:26.028645,5415372,YKa6VPEzALiM0KFDXlw2,
9124708.0,2235.5236147692995,50,euros,2024-02-11 09:36:58.028645,19159321,Dkykhav55thDXuVei9fr,
,1121.2220115493146,400,euros,2024-05-19 08:26:55.561230,28431336,,
,-1072.7698495630852,400,euros,2024-02-17 12:51:44.561230,12313873,,
,-1595.330237935295,400,euros,2024-02-25 14:03:01.561230,24562245,,
3251403.0,1742.0306583984184,50,euros,2024-01-22 16:48:57.028645,28571951,YtPIbJDRnKcIvW1rkvYI,
,1242.9109815221757,400,euros,2024-04-21 17:28:31.561230,17777557,,
6288211.0,166.49131522301695,50,euros,2024-02-23 15:11:09.028645,9350760,0wK1NbJRZrI0FBo66cvO,
4574661.0,2378.603391131828,50,euros,2024-03-06 09:41:33.028645,12761559,IStitJQRATvVplEniXT8,
,-2000.3034014258371,400,euros,2024-03-20 01:32:47.561230,25137383,,
3982724.0,-1506.8414278126893,50,euros,2024-02-27 05:01:23.028645,21117229,qbwRNkWYTxjr38bJyhTc,
,1861.906635557927,400,euros,2024-01-20 03:15:47.561230,76694068,,
,347.1107164494874,400,euros,2024-04-01 01:02:52.561230,10258115,,
,2576.3045156713424,400,euros,2024-06-11 01:36:07.561230,12240043,,
13419661.0,-230.6828670012892,50,euros,2024-02-28 17:59:56.028645,10163815,YRjIO9c4MbosEAF52TD2,
8698270.0,1529.7210286108907,50,euros,2024-02-26 18:32:21.028645,25944925,wmwYcGZUA7Fn0TYBxH0I,
,-190.25011532386,400,euros,2024-06-06 23:13:44.561230,4845879,,
,-1197.065228225581,400,euros,2024-02-12 15:59:52.561230,8046569,,
11733187.0,2959.440372907342,50,euros,2024-01-15 13:44:09.028645,12729104,KzEj4gA3nNEQ1DdCeA38,
,-695.3086120690518,400,euros,2023-12-19 04:32:42.561230,26640669,,
13350760.0,-1793.5596385603135,50,euros,2024-03-10 20:16:21.028645,9675180,3V3WYQzin3xNjOBhLUKc,
2403317.0,2176.7749054592177,50,euros,2024-03-09 01:36:11.028645,14388281,APJlXviozOx0qFFY0kTb,
8512214.0,-2386.731398628916,50,euros,2024-01-25 12:05:01.028645,20141277,8fL8T4FTL93SwSIplM22,
,711.6664635194234,400,euros,2024-03-29 21:37:43.561230,18519459,,
,2824.745556927649,400,euros,2024-04-29 05:21:59.561230,7159914,,
,-2199.9623966692807,400,euros,2024-03-26 12:26:59.561230,20654054,,
,834.0173599462009,400,euros,2024-01-14 08:37:42.561230,23962382,,
,-2018.239937038124,400,euros,2024-04-09 06:56:05.561230,33541982,,
,-2557.0059986342235,400,euros,2024-01-13 18:52:35.561230,14297039,,
14585752.0,-1002.6123085021924,50,euros,2024-01-26 05:23:38.028645,61018346,0Y4TEI05yjQ078coxpLy,
,1300.7724846480933,400,euros,2024-01-17 20:48:33.561230,25631684,,
,-1293.4902566507365,400,euros,2024-02-08 07:47:12.561230,22832874,,
2730274.0,-2411.990234774376,50,euros,2024-02-04 04:06:07.028645,779661,sl1PYGiCMWt1w2VhcspF,
,2926.045352867161,400,euros,2024-01-16 11:06:32.561230,4794539,,
8232340.0,-1482.5729156101236,50,euros,2024-02-24 23:04:20.028645,20327385,XuUm9jxoeh5tKvSMIhbg,
3414208.0,-1181.2556756349788,50,euros,2024-03-08 20:22:26.028645,1083400,gEcYfABmA05CtEa07Chq,
,1548.8221747154012,400,euros,2024-02-04 09:39:48.561230,21737627,,
4186867.0,-2221.7029544600423,50,euros,2024-01-20 12:11:56.028645,4035622,1K2MG4QaBrmex3D2CeQ9,
7624569.0,811.2140399678001,50,euros,2024-01-19 05:25:52.028645,25727513,PtwNOLMpB33eoL4Egzi4,
,-1271.0997098738508,400,euros,2023-12-23 23:26:48.561230,9292310,,
,-1691.0276415387634,400,euros,2024-03-27 00:13:18.561230,14881500,,
3560682.0,1443.3446534219524,50,euros,2024-02-10 19:01:24.028645,25132225,53yagfcOG3z4JaE8hxei,
14296910.0,1298.7782812714931,50,euros,2024-02-11 12:37:19.028645,8158610,6WxxvH6f0nWqAh6pAkqO,
,1420.7797019034929,400,euros,2024-01-06 15:36:13.561230,5373251,,
,822.3112358249155,400,euros,2024-04-16 03:47:13.561230,18596197,,
,-1937.244291326513,400,euros,2024-02-10 23:34:54.561230,13045984,,
,-843.9926993997926,400,euros,2024-05-13 19:58:30.561230,14746554,,
2883638.0,1170.957080318267,50,euros,2024-02-27 15:30:20.028645,22193455,cRwfdisJRb7innJKLz35,
,-2040.8459308991685,400,euros,2024-01-04 12:58:42.561230,15056590,,
2014892.0,-1929.927002459337,50,euros,2024-02-10 13:25:44.028645,1388990,LosBJeRlgE9SqFN2Cm8f,
7289561.0,2783.421283564692,50,euros,2024-02-20 16:31:58.028645,9844898,A5SO2PsC07uRrcb6YZg8,
,-1391.348780112928,400,euros,2024-02-24 11:46:12.561230,26768767,,
,403.7178353600784,400,euros,2024-03-24 11:18:25.561230,15968405,,
6444995.0,-2079.7225663453464,50,euros,2024-03-01 13:21:56.028645,19091769,DLada6XAZbVDVBY2NQaq,
,1853.997206038387,400,euros,2024-03-27 21:46:53.561230,24974471,,
,-263.5338448724752,400,euros,2024-04-17 04:53:08.561230,27916612,,
3078043.0,526.4072265662408,50,euros,2024-02-27 11:36:11.028645,1281017,tMMUunO8PJez6GZpu4q4,
2464126.0,2181.863129274191,50,euros,2024-01-29 17:53:04.028645,995877,ZaazsYcTfFGzBN8uU9T0,
2986230.0,461.78854355166,50,euros,2024-02-23 23:57:17.028645,2695017,mmR7oDhBU37NEW2LIBj2,
,2540.7236601690274,400,euros,2024-04-01 08:33:02.561230,20725859,,
1646284.0,-1004.2169785806154,50,euros,2024-02-14 23:23:27.028645,25710674,i4oYSZj11r83EoxmWxip,
,-636.5196498851935,400,euros,2024-02-12 15:07:04.561230,14130904,,
12923365.0,-2293.238054302752,50,euros,2024-02-15 13:10:02.028645,15340036,iFm7LPULjuZyNVEQkw65,
,-2120.973329901813,400,euros,2024-04-19 22:53:22.561230,17569686,,
11985200.0,1346.680173836292,50,euros,2024-03-04 07:56:02.028645,11725891,JSeA169rGBVTu7S9tiHh,
726637.0,-3.3805152885433927,50,euros,2024-02-14 00:02:48.028645,6824892,9A6vSj2qViOF9G3TFSds,
,1990.5706199886567,400,euros,2024-02-04 16:55:32.561230,536127,,
2223241.0,-1287.389149358896,50,euros,2024-03-11 00:02:06.028645,12049501,Lumm3NSapQd54RJjqECA,
,-1285.880653505853,400,euros,2024-01-21 21:34:39.561230,4781362,,
11087590.0,-113.44405851745704,50,euros,2024-01-31 08:29:53.028645,19064516,rdEjViRoUq8Vl5JT2pu4,
,958.190904098526,400,euros,2024-03-20 15:20:36.561230,27518818,,
7772022.0,-2140.402566124918,50,euros,2024-03-01 01:53:05.028645,14246014,WiWp4woL2Kak266WZfqS,
12901048.0,712.0867903298968,50,euros,2024-02-23 01:41:04.028645,29573935,Gj2lDQTjWnjNyppvnjVu,
11840477.0,339.5974154728192,50,euros,2024-01-16 13:43:47.028645,6460600,qlTpp9n8FPYrdC5hZTwC,
13390191.0,1940.9565156590445,50,euros,2024-01-25 17:11:47.028645,4048124,AU4RgjOF34G2GDxQcNAK,
,-1661.2747243121685,400,euros,2023-12-20 20:55:22.561230,25123018,,
,1024.719122990164,400,euros,2024-02-11 02:29:47.561230,22430155,,
7029740.0,-22.625481379415305,50,euros,2024-01-25 00:34:11.028645,9763449,yldGZpvYKaEA1lcwGt5O,
,2231.888040837338,400,euros,2024-01-13 22:00:16.561230,1410039,,
3075481.0,1219.6784254437448,50,euros,2024-01-19 13:14:03.028645,363234,6O3xDNEPBC7cXhm1AmnY,
2458887.0,135.686388935168,50,euros,2024-01-24 07:19:49.028645,28057037,Z77d5LO1SkyPc60Xonh9,
12426439.0,-820.0660085002562,50,euros,2024-02-20 13:41:07.028645,10394804,wZAWfZQCTe1CFQUB9Uh3,
9634912.0,-2368.0091242266394,50,euros,2024-01-19 09:55:53.028645,6484446,iFtrGnZUXUqayESj4lsH,
6255842.0,2015.9473204021317,50,euros,2024-02-29 04:51:27.028645,10088074,Os0MrpR7c4MCZzXQl3I5,
,-2509.3400260371745,400,euros,2024-01-21 04:02:48.561230,2757525,,
11085585.0,983.2016015281148,50,euros,2024-02-07 10:31:35.028645,15585036,oXwmO4ZPfNCepjJF5D3O,
3910492.0,-1763.137842377208,50,euros,2024-03-05 12:38:32.028645,8655360,PHCtMnsV2RV3enRPXCt2,
,1760.5534618995937,400,euros,2024-04-18 03:54:39.561230,6450986,,
8397332.0,-1185.436573974746,50,euros,2024-02-24 19:54:43.028645,15619844,9i1ENKPqDarJp6naVP7A,
,-1444.8226533379,400,euros,2023-12-22 10:01:11.561230,15851180,,
9463373.0,1825.4873448576664,50,euros,2024-03-03 09:41:15.028645,29033541,YijW5vsiHgP7qLuHs7Wd,
7095077.0,1542.169787730693,50,euros,2024-01-23 21:00:42.028645,16403006,20Zlmi5AoX99hV7uoxpo,
,2238.4637998747594,400,euros,2024-03-20 07:27:17.561230,3318674,,
,-1377.5423370266824,400,euros,2023-12-23 13:14:19.561230,1582925,,
10970200.0,2797.426812440493,50,euros,2024-03-06 16:53:17.028645,21151552,cr71uQwPiYGN8zlQrku6,
,895.6551597064081,400,euros,2024-05-14 20:50:36.561230,470793,,
14736138.0,-1186.2003221991524,50,euros,2024-02-17 18:08:05.028645,55166731,PVjIwi9ASX4Z3yIQJi13,
,2552.7465536092013,400,euros,2024-05-11 04:52:48.561230,7422678,,
108923.0,723.9668975785339,50,euros,2024-02-07 23:31:24.028645,25877019,moIpsWjtH8a9e9RaCMok,
7097785.0,2204.6951786875643,50,euros,2024-02-06 22:02:19.028645,7148821,u4F6SGrpKLUhE3EGIwxg,
,-2294.238336092252,400,euros,2024-01-22 18:22:36.561230,5911109,,
,-169.44732027768168,400,euros,2024-03-12 07:26:48.561230,1488112,,
,1887.59347753391,400,euros,2024-01-02 08:27:52.561230,11810141,,
,1993.229520676815,400,euros,2024-06-03 07:23:02.561230,24004029,,
,1930.643323488416,400,euros,2024-06-08 07:12:33.561230,18481327,,
,-532.3278338911589,400,euros,2024-05-06 21:03:56.561230,29107214,,
,-332.691350105908,400,euros,2024-01-03 20:21:10.561230,15782000,,
2623848.0,-1394.9765962103008,50,euros,2024-02-05 03:26:00.028645,6449732,yq6dQndX3BywWkep8isb,
10007787.0,1762.5293539281147,50,euros,2024-02-06 06:16:24.028645,13620813,jICLDVE2tnDlmGWmJ8jH,
,-2078.387782907922,400,euros,2024-01-27 07:39:52.561230,23091466,,
,1470.7667309669632,400,euros,2024-04-24 18:28:10.561230,7162442,,
15113256.0,-1224.158486645546,50,euros,2024-03-04 08:05:57.028645,54117546,aov0n13wmv7fk4i9gPeE,
,-1875.3104153575305,400,euros,2024-03-28 08:03:42.561230,26536565,,
,2026.2285884050689,400,euros,2024-06-04 11:33:32.561230,15228896,,
,836.287471926189,400,euros,2024-05-23 07:50:44.561230,22954427,,
2610685.0,-1702.225842389328,50,euros,2024-02-25 21:58:12.028645,21231440,ShoCEBbu6SAoHR42rlcg,
13235977.0,2884.9318942094733,50,euros,2024-02-20 19:19:38.028645,6995138,KudQnQAH23woj14xMxe0,
7361821.0,-1759.4389621384898,50,euros,2024-01-18 02:59:43.028645,18470749,gm6BsL4fQ523bEDuieRN,
,730.9723984856023,400,euros,2024-02-01 10:44:09.561230,21763140,,
,1591.4018827272348,400,euros,2024-02-14 00:11:37.561230,16436723,,
5737753.0,1599.6461256357943,50,euros,2024-03-04 00:02:46.028645,4243333,I248eelkvA0G8GslBXfQ,
14231765.0,-1846.9776269744077,50,euros,2024-01-14 13:47:00.028645,13640163,zvWjklVp063VDVnMM29G,
,-2437.6942463015625,400,euros,2023-12-30 15:37:43.561230,13164776,,
3846364.0,473.0269566163788,50,euros,2024-02-15 03:15:57.028645,28139980,KE7A2aBY4Ivd8nJNf0mk,
3593479.0,2380.00648840777,50,euros,2024-01-20 07:44:39.028645,1957535,cL26Ij7yl0EkUm85Nb0l,
,2631.019649661828,400,euros,2024-03-17 03:59:56.561230,28849589,,
,1395.8262975820176,400,euros,2024-01-21 15:32:41.561230,3058363,,
,-2202.5267411539444,400,euros,2024-05-30 06:17:16.561230,15998169,,
5446938.0,-1555.9385128650051,50,euros,2024-02-24 10:00:21.028645,14458702,zl0MfaF8gMYr15PqPG1p,
,-327.6832033495325,400,euros,2024-04-01 12:59:46.561230,97378378,,
7626099.0,-1257.347719267576,50,euros,2024-03-11 22:20:43.028645,13918196,FJmbadLwH1oZ7Xbqy4Tn,
5832612.0,2719.5713714868025,50,euros,2024-01-29 22:29:30.028645,706258,OTZVSw6GacaoIsJbVWgm,
8742902.0,157.53855666545903,50,euros,2024-02-13 19:48:52.028645,6350693,R8lTwAROweCvGpm1KsWw,
,-1945.9632098762827,400,euros,2023-12-26 16:46:54.561230,4505422,,
,1523.412239962371,400,euros,2023-12-22 10:40:47.561230,24771235,,
5703596.0,2334.1763585113786,50,euros,2024-01-14 05:41:32.028645,24324685,32g6g8r9yvhCghjxK0Yu,
,1479.7675902258657,400,euros,2024-01-26 05:38:00.561230,1552154,,
6971976.0,2192.2813486634204,50,euros,2024-01-18 02:07:57.028645,18952160,AA9EYifsCnRKj7Yw5SW6,
,2585.894840018055,400,euros,2024-04-28 06:00:48.561230,24553500,,
,290.5817986877064,400,euros,2023-12-19 12:25:00.561230,5535493,,
10081509.0,260.69412294612994,50,euros,2024-02-26 07:49:07.028645,5849401,01oszzoKf0OiiBXbN21V,
2203004.0,2452.029604885335,50,euros,2024-02-06 08:52:17.028645,27300356,RXDh7eyzM4dY5KHhiU0B,
922523.0,1280.3785638152222,50,euros,2024-03-07 19:23:14.028645,21353166,vX4WrMJWqSWn5gK12IdP,
14416628.0,-208.91819330246017,50,euros,2024-01-16 16:29:55.028645,18334893,HB69mY0loLgQjgbQEZsq,
2188716.0,-1368.8312221871831,50,euros,2024-02-13 20:58:29.028645,838792,nouZl0LnHckv85MzBKGs,
,-1025.317045109965,400,euros,2024-04-06 11:14:25.561230,12080782,,
14365533.0,14.017843077333056,50,euros,2024-02-09 23:53:08.028645,1395658,CjpJUtbcTDT9FBkM3SD8,
,-78.97030453847856,400,euros,2024-06-01 11:17:57.561230,29922403,,
10097057.0,-2386.52633109325,50,euros,2024-03-11 00:15:14.028645,8935697,e7zPWakJRp0eSXRIhMIq,
434246.0,1045.6339290647752,50,euros,2024-02-10 11:35:13.028645,7829414,cupLcsaz4mkZvdbpTBJn,
,-1653.3009215882144,400,euros,2024-01-21 19:22:43.561230,28371152,,
,748.6369790903195,400,euros,2024-05-09 18:41:05.561230,27906728,,
11278642.0,767.8747867384541,50,euros,2024-03-11 02:45:48.028645,18244663,0hqPdH9Zrn91dceI4WsT,
11698.0,2451.600477146881,50,euros,2024-02-29 22:36:04.028645,926417,fMpSDU4nc5MiKcP4JUUc,
,658.2145620409328,400,euros,2023-12-25 05:42:41.561230,24930856,,
,1914.4495428110515,400,euros,2024-05-24 05:07:37.561230,24169565,,
8832692.0,-987.307182601618,50,euros,2024-02-12 07:41:58.028645,16650638,YswjSqSsHXKiEDliDsCs,
,-703.6258830051934,400,euros,2024-06-02 14:31:58.561230,5475620,,
2760720.0,-72.17183146985099,50,euros,2024-02-19 22:32:24.028645,24388339,YQpjhoRa1Yf11WnyDXWT,
,889.9209628856825,400,euros,2024-05-03 03:18:53.561230,26047419,,
5497341.0,475.888338182664,50,euros,2024-03-06 03:07:07.028645,21874193,IhZBZUJUHZNrBpOaPTeY,
566678.0,-209.66916855616276,50,euros,2024-03-02 13:39:31.028645,27806230,r4wOzlxvAhN8Igyv4Fy0,
,2275.647781210235,400,euros,2023-12-15 19:49:56.561230,15382693,,
11194547.0,-449.072600984578,50,euros,2024-02-18 08:40:22.028645,2670266,QzrzfEzXaL2FYTcyrhCn,
,-1463.1895093882454,400,euros,2024-03-08 20:31:35.561230,4574947,,
,-1588.9457163741868,400,euros,2024-04-04 02:20:08.561230,28168837,,
8354218.0,-2495.155287724839,50,euros,2024-03-09 08:46:35.028645,12105545,GBJoe4p4nVA1fV9TN1K1,
,-2011.2840974688477,400,euros,2024-01-29 21:41:45.561230,27838906,,
,-445.8553077407887,400,euros,2024-04-12 08:19:59.561230,9488840,,
14198534.0,1714.1933357669095,50,euros,2024-03-01 22:21:46.028645,8164140,CuDygEUqkEicNVlYMY7J,
,-2526.787275778772,400,euros,2024-05-17 16:36:51.561230,28418302,,
14975056.0,-1807.769193722933,50,euros,2024-03-03 02:09:15.028645,61688335,a2rtlJcmX3k2OfMMhgk1,
,573.5693979762309,400,euros,2024-03-27 05:04:02.561230,1054647,,
,-2407.50476037771,400,euros,2024-05-15 02:35:58.561230,5072322,,ronroneo zarpa livararro trazitero benenvena velillo cascarela maigonal
201833.0,-1920.4122960218524,50,euros,2024-02-14 22:09:52.028645,24808800,iF3jdBEHXlaStZ2pVrxm,
,1142.804230616376,400,euros,2024-03-23 16:01:32.561230,29078595,,
8806676.0,2725.7975657631114,50,euros,2024-03-07 13:31:30.028645,7426523,gloG2KHWfGKVqAtlUHgG,
,2022.2414182278424,400,euros,2024-05-10 10:00:23.561230,20068943,,
,2623.217584404838,400,euros,2023-12-27 10:21:58.561230,49641490,,
,879.0858404497635,400,euros,2024-05-27 23:34:42.561230,9056644,,
,-1391.391532553757,400,euros,2023-12-17 17:35:00.561230,24483759,,
,2019.8755442262227,400,euros,2024-04-25 02:03:23.561230,22290391,,
,-1492.6311032990434,400,euros,2024-05-04 12:11:22.561230,4333539,,
,-2333.595683879252,400,euros,2024-02-05 15:27:09.561230,10216632,,
10858306.0,2359.745975003904,50,euros,2024-01-22 00:48:00.028645,7554607,LR7Y29MnwqTtAcckenW8,
,1064.9702281342695,400,euros,2024-03-24 05:55:39.561230,31138404,,
6188255.0,1306.1262157648066,50,euros,2024-02-02 02:43:53.028645,21986461,j0e3CA0uS85vHkXnLYw1,
1885012.0,-105.9926678255315,50,euros,2024-01-27 10:47:35.028645,10906946,xGsokISyr5OBuxvoUFp8,
13323833.0,-1709.7653425126323,50,euros,2024-03-02 23:43:03.028645,28951383,cWFtlcmHx3flP9Y90pfU,
,-1260.7698271886302,400,euros,2024-04-24 13:51:48.561230,27056613,,
5028888.0,-1167.989316308764,50,euros,2024-02-25 03:37:08.028645,22193541,gDWorNDVvYWhMiYBsT1z,
,-1663.7920883054626,400,euros,2024-03-22 00:17:44.561230,20378256,,
341981.0,2078.0701198154684,50,euros,2024-03-01 20:42:02.028645,11057816,CJavzFoEWyckKgM8PvGV,
15011678.0,610.2935790962715,50,euros,2024-01-18 23:30:02.028645,50349420,chvNB54peGrtiigyPRFb,
11451661.0,418.0562252969417,50,euros,2024-02-23 01:54:03.028645,24417144,2OSeAY70Gc344TRXOBAW,
4527146.0,-803.1498100134872,50,euros,2024-01-26 10:42:31.028645,9187085,vtX5SQDtAmHguEJqWpKB,
,2520.380476565166,400,euros,2024-03-14 18:18:25.561230,3089487,,
10332419.0,-631.3159140376099,50,euros,2024-03-13 08:58:59.028645,3058467,W5mDTo6JqQeAhw2NDh1S,
,-1153.6810271070444,400,euros,2024-06-10 14:35:38.561230,25811637,,
7691219.0,1421.238335226802,50,euros,2024-01-30 18:00:03.028645,17075587,nZXViq0z6AShO8cY9b1h,
,1486.456062412895,400,euros,2024-02-19 19:06:30.561230,5935465,,
,789.2855787547965,400,euros,2024-01-09 03:40:01.561230,26587097,,
,2523.65586856096,400,euros,2023-12-22 17:45:27.561230,23156026,,
,1652.312258003578,400,euros,2024-01-23 04:46:54.561230,6092051,,
,181.29765253808,400,euros,2024-02-17 18:44:15.561230,18251287,,
2380878.0,-1158.3685218315177,50,euros,2024-03-03 13:52:24.028645,19519151,eW28d9mLsz1dUMDGWW9M,
7404929.0,746.7025712725203,50,euros,2024-01-14 05:53:26.028645,12148539,JvWImDzGjVTAfTw0stBt,
10871357.0,1664.5937010637144,50,euros,2024-03-12 20:34:54.028645,9057304,fDsyzoVhQajA8cBPktvC,
282108.0,-2068.743589302776,50,euros,2024-03-12 11:16:31.028645,984700,ZgKKhS8BgKMY60cFkFbe,
2771484.0,1240.806690649741,50,euros,2024-01-19 14:22:58.028645,1206054,KI6JK61y44CtFjupPqH0,
14387373.0,-2317.4553019693453,50,euros,2024-02-17 05:36:53.028645,7951030,fr2n8JarH7iTtSDZNZwV,
,791.9816031411046,400,euros,2024-01-08 07:27:01.561230,6661483,,
11746467.0,2971.975416396197,50,euros,2024-02-15 01:48:22.028645,23364629,F4sBth42VXxTIwAC8fg4,
4462872.0,-512.7880328628389,50,euros,2024-02-21 01:59:11.028645,15233025,RESx5Hi8wm6ne8BePymr,
5425272.0,-2007.6403874738105,50,euros,2024-01-25 11:45:40.028645,2220934,eC7T4f29vxfGUUyobUuI,
6495143.0,1702.0108961538426,50,euros,2024-01-30 06:05:36.028645,11470530,vSuoFJRmYLXuhFjSe5nd,
7969605.0,-223.62973123606844,50,euros,2024-01-14 13:32:00.028645,1567014,Z5acP9s4Pz928dtEed2d,
13901699.0,1991.67002516756,50,euros,2024-03-11 21:06:24.028645,11967640,XWsS1xxeePYNrBpAIYaR,
,1357.6245849961538,400,euros,2023-12-22 03:10:06.561230,14086738,,
4461000.0,877.8630521359332,50,euros,2024-01-16 12:25:11.028645,14280965,mrivfQA9pVIAVbDs0EPZ,
,793.2074266761024,400,euros,2024-02-05 00:49:10.561230,5009804,,
,-1211.772629092967,400,euros,2024-03-04 19:20:42.561230,8456023,,
,101.67460994134672,400,euros,2023-12-21 20:27:08.561230,11727947,,
,-1364.79398429256,400,euros,2024-03-24 11:23:04.561230,21449539,,
,-37.30226984489673,400,euros,2024-04-07 20:39:11.561230,98991029,,
,-361.0989420372384,400,euros,2024-02-16 05:52:08.561230,8721506,,
,1908.4377900139789,400,euros,2024-03-18 18:47:28.561230,1058998,,
6437404.0,-1804.3456597901568,50,euros,2024-03-08 11:59:55.028645,309546,bqljTTK0atY834LbPPn5,
,1583.85934984302,400,euros,2024-02-10 07:29:40.561230,23157612,,
,-2431.166385663797,400,euros,2024-04-02 15:56:16.561230,27819423,,
3916296.0,-1340.774935239757,50,euros,2024-02-08 01:01:33.028645,26609815,Xj8YPXH26gXZUaLF4KHl,
,1106.0506748037492,400,euros,2024-05-29 00:23:39.561230,18963965,,
14488875.0,159.11219738527416,50,euros,2024-02-23 14:33:27.028645,86153296,WH9DAMWKwPyoWhkB2MAV,
,-2550.952502766814,400,euros,2024-01-29 03:38:34.561230,24186822,,
3256003.0,1716.3304030563013,50,euros,2024-03-06 06:08:24.028645,21587429,ufysfUGGTbffzlgbj2p2,
14915666.0,1489.6973274760658,50,euros,2024-02-03 09:57:52.028645,19490905,gNJ1EtfPoDRTept8jzLo,
,-1535.2158353840916,400,euros,2024-05-20 10:21:57.561230,27814173,,
7683940.0,199.34817406330467,50,euros,2024-01-14 22:21:46.028645,4991211,UlcYE2txEb2h4Q40a6gY,
1995578.0,-758.5413919658326,50,euros,2024-01-20 07:22:37.028645,19562449,otNVHWa6nRvLpiUUNpV5,
,-1545.7552238445342,400,euros,2024-05-19 23:53:28.561230,4981229,,
,1817.6576622750365,400,euros,2024-02-09 13:07:31.561230,19403623,,
,1793.7317671165663,400,euros,2023-12-20 22:14:05.561230,564899,,
,768.2398496456017,400,euros,2024-04-04 00:35:39.561230,1799601,,
,-1499.4506816938094,400,euros,2024-04-06 10:43:30.561230,21801169,,
2873092.0,2733.3146494108714,50,euros,2024-01-29 05:37:25.028645,29752217,R2sfYj9n8coiNWDabba7,
8635697.0,740.859965461415,50,euros,2024-03-02 23:18:07.028645,17307934,EjY7RhRlT2QOYREQWYJi,
1171338.0,2729.7432850788346,50,euros,2024-02-19 10:07:53.028645,14764764,Hir7wwtFKV1dNpLZrDfS,
,-1759.1063853009828,400,euros,2024-04-14 09:10:46.561230,13180334,,
,2786.461768507348,400,euros,2024-01-31 13:12:59.561230,14267206,,
,-653.7790886327207,400,euros,2024-03-29 18:58:18.561230,4799159,,
1196543.0,-1569.403158020088,50,euros,2024-03-13 10:49:08.028645,29296794,z3qjqQGvuHEffFCZO815,
8570405.0,-1948.323626093864,50,euros,2024-03-07 07:09:59.028645,22024567,VYF9A0PzPL9nJMxLEp2q,
,2415.474927541938,400,euros,2024-01-11 16:43:07.561230,6591662,,
,148.1140997475518,400,euros,2024-04-27 21:21:46.561230,19246398,,
,-112.7574229295169,400,euros,2024-04-04 03:05:52.561230,20999321,,
,-980.729322311297,400,euros,2024-06-04 17:05:59.561230,28443737,,
3812359.0,-2339.954500800254,50,euros,2024-01-14 00:59:45.028645,22056843,jWXBK3YX19izlJT1dRtb,
5391193.0,-2062.814868278938,50,euros,2024-01-29 15:28:00.028645,260119,4sfNa6wmvESAYMH3GkVI,
,1908.3923651728371,400,euros,2024-03-29 21:16:41.561230,9959881,,
,152.9748361721422,400,euros,2024-04-26 15:10:09.561230,2394482,,
15124774.0,1095.7181846121198,50,euros,2024-03-05 10:36:30.028645,63973865,S9uAdq0kONynAOKDgzUP,
967382.0,2782.02062954274,50,euros,2024-01-31 21:02:51.028645,5329262,CVTw8DRTlIuUidd97DPf,
181150.0,-1022.6327111329974,50,euros,2024-03-11 12:07:40.028645,13409464,QzmfstAICCagYWAriGBK,
15002736.0,1405.0939005519697,50,euros,2024-02-10 07:40:13.028645,73418119,MsWc8bay8OjEvWt2ThHN,
143552.0,-1885.43168224556,50,euros,2024-02-28 19:28:55.028645,3281354,6sibohvaskF4U6WSAmOU,hueca paz nuelita nostadmia refugiada descarte lenguaraz
,-979.6542195300756,400,euros,2024-04-07 03:19:06.561230,21416172,,
,1739.3352481904967,400,euros,2024-01-30 04:14:53.561230,13290386,,
,-769.3870225391961,400,euros,2024-02-14 01:44:20.561230,6342683,,
4805145.0,-1427.5465035146055,50,euros,2024-02-29 18:48:55.028645,19157394,MhPAyaRYl9xj3Ih8EG41,
6227917.0,914.2124944056018,50,euros,2024-02-17 17:32:38.028645,17306846,WvY9N0E2tI4zdye7Qfz6,
,-779.9071938090985,400,euros,2024-01-03 16:05:23.561230,26844316,,
7606474.0,-86.60525587223765,50,euros,2024-01-17 18:07:13.028645,11101872,LzFTXsNah4RGCJso21Ln,
,127.55480237301754,400,euros,2024-04-02 20:50:18.561230,26858460,,
11186038.0,1933.313130767604,50,euros,2024-03-12 11:40:35.028645,27863914,ffdHtwSKeEatr6Em1clA,
,-1237.526020150944,400,euros,2023-12-21 11:32:29.561230,22344079,,
11839382.0,-400.3254388760797,50,euros,2024-03-04 12:27:17.028645,19415623,wkF14BuLi2imSteFdjl9,
,1181.6285007040324,400,euros,2023-12-24 07:37:19.561230,26192834,,
,1766.5532361666328,400,euros,2023-12-21 22:54:12.561230,27229016,,
12414160.0,-1507.1009733173576,50,euros,2024-03-10 17:07:33.028645,17758035,aR222F0FaMG4JEs64ABx,
8336285.0,1386.8956216491883,50,euros,2024-02-16 23:03:38.028645,21433935,8mnHKVQa0mcOoVuJhE1N,
12620905.0,-1263.016695665154,50,euros,2024-01-27 15:02:21.028645,631165,IEtVgGhxmCYqTfVyheE4,
1498460.0,-1343.8456307367126,50,euros,2024-01-27 00:27:26.028645,20313660,zef3YuKufo357561n7vC,
,33.29839814654406,400,euros,2024-03-26 15:35:32.561230,1586036,,
,2941.894371905586,400,euros,2023-12-23 14:13:02.561230,7060609,,terapeuta frinar quiadmo volar malparida trastero
10807672.0,856.804751621416,50,euros,2024-02-12 12:43:24.028645,12530574,5GTvBjUz2lPZSeau67Aq,
8785250.0,113.54114906345012,50,euros,2024-01-17 17:13:45.028645,20998931,VyylfnnoZQWMj1OqEaor,
1215137.0,-223.96205694970288,50,euros,2024-02-13 10:25:29.028645,17456612,Fm7fS0TIbYmmKYTKg8Hu,
,-219.5938230432789,400,euros,2024-04-15 14:04:06.561230,25774793,,
11233903.0,-588.7727082479219,50,euros,2024-01-31 05:39:03.028645,5181806,qqcXKtbpsVCLaUdAOMAO,
,-1640.2089448764707,400,euros,2024-02-21 20:40:36.561230,23337199,,
,-1853.6093796178736,400,euros,2024-01-11 07:54:43.561230,23802297,,
,-1752.2643630547566,400,euros,2024-02-22 19:30:12.561230,28044475,,
,547.3959429941997,400,euros,2024-03-05 02:29:42.561230,11436184,,
6357141.0,2849.403066214649,50,euros,2024-02-27 22:37:11.028645,14891366,ry8r2TkB6QfLEFkjW52j,
,2342.491725688398,400,euros,2024-01-23 03:23:45.561230,26171570,,
,-987.8497614690092,400,euros,2024-01-01 09:38:54.561230,10814791,,
12755495.0,50.32834613255454,50,euros,2024-03-06 15:40:58.028645,26269517,MzgxntWylgRmPkOcTkxe,
6497100.0,-43.25098330618721,50,euros,2024-02-21 14:38:38.028645,19663946,wkRho5sHLTYn1XzSy3fa,
10896376.0,-690.7496243328244,50,euros,2024-01-19 11:49:02.028645,23089152,YJq56eBQCcktrxuzAaQe,
,-1157.4125909012414,400,euros,2024-02-21 14:20:33.561230,11324895,,
,555.2580470410503,400,euros,2024-03-03 12:36:11.561230,22599806,,
,2820.5587139355166,400,euros,2023-12-31 23:54:29.561230,25487346,,
,-2042.5957698341508,400,euros,2024-02-10 12:11:45.561230,12182631,,
15007487.0,-29.886662516377328,50,euros,2024-02-27 22:46:10.028645,81450206,3qjK4g6b0P1TFnhriIje,
,668.8664461229077,400,euros,2024-04-08 20:56:47.561230,1777921,,
10768185.0,2698.554680029649,50,euros,2024-02-01 10:59:40.028645,28656337,IRfpkX23Kmzwz0V5l7bi,
7507098.0,1908.878056665686,50,euros,2024-02-11 01:20:07.028645,23054540,hlwu3E1bubI5TFs4rmu7,
12984058.0,-1198.1404501812108,50,euros,2024-03-03 03:55:18.028645,22415467,p2ayQBh0ZA9JHtFpOlq1,
,2605.1356041220542,400,euros,2024-02-12 20:28:08.561230,15267172,,
11736401.0,310.5060120894318,50,euros,2024-02-26 23:34:52.028645,2872227,D96KyUp1kVy2kDkFClyv,
1522481.0,1241.0761887076278,50,euros,2024-03-12 21:02:02.028645,21828151,NGgoWDhU67IgDkqFmWPI,
11758217.0,1707.9137000473274,50,euros,2024-02-21 05:06:35.028645,15642080,POyq2uQ75N0oib33Dvoz,
2912988.0,-2158.9350158648267,50,euros,2024-02-15 01:13:05.028645,18303293,4arzqpUAResDZUn16ShG,
,1211.5008482377025,400,euros,2024-02-15 19:54:45.561230,2189876,,
12034773.0,-2534.4194277768524,50,euros,2024-03-08 05:17:07.028645,20680168,YAdZ8KacEO0BE8sXp3Hy,
10810151.0,905.6563694631118,50,euros,2024-01-15 11:56:59.028645,13531040,lSASXSatQKhSyhKi7tYW,
10124285.0,-2325.67059443839,50,euros,2024-01-27 10:09:02.028645,16529123,vRGdgwyJlqjLCFvJJyQ0,
12783086.0,484.5056367914885,50,euros,2024-03-10 05:21:03.028645,23920552,rF93xtsAO18i6m6gJzuR,
,2839.3642595414667,400,euros,2024-04-14 16:53:30.561230,15389584,,
,-1871.917642704716,400,euros,2024-02-17 00:09:11.561230,13188175,,
6181528.0,-94.90882676984074,50,euros,2024-03-11 18:11:28.028645,22464205,gaToKg9mH8hPBo5r1aIC,
,703.3832097166328,400,euros,2023-12-24 04:07:14.561230,6448783,,
9395255.0,533.4376300409799,50,euros,2024-03-10 19:14:44.028645,23018984,NI9Qqj4aYTlptvj0Mdcq,
3895145.0,-2090.8936233027616,50,euros,2024-03-06 15:44:04.028645,13975129,dCMcy8BFdWQvCsqofISz,
11022938.0,-1323.2449845258182,50,euros,2024-02-20 10:39:10.028645,31960,QNVCpLCNWf4TKy2rkTWK,
,-357.3028504641916,400,euros,2024-01-13 04:02:54.561230,13019161,,
9904321.0,-2421.400660695214,50,euros,2024-02-27 23:04:28.028645,22685200,m1aH2ObqxyKUPBvUU6hE,
1254240.0,-1871.343589711248,50,euros,2024-02-05 01:01:52.028645,9769260,43tjXIDHx270vdmist1w,
2225083.0,1478.8688250406883,50,euros,2024-02-23 12:16:51.028645,24164301,Q7Vj535Mc1fOwMhkeP47,
,-2102.228132560623,400,euros,2024-05-11 01:59:07.561230,2687266,,
165336.0,1305.118913013776,50,euros,2024-02-28 06:03:40.028645,28978907,LBRVtcms64jevYn8zWIG,
,-2291.951173497063,400,euros,2024-03-25 15:22:09.561230,13585128,,
13707771.0,1365.3061988242066,50,euros,2024-01-18 06:42:17.028645,9239264,YKDvLj4iXBbDCBxvrinL,
2838602.0,-1222.4775227561634,50,euros,2024-03-01 19:13:49.028645,28150483,Phc67DkQyY57eutFN1k8,
4467167.0,-2373.4793307561813,50,euros,2024-01-27 20:21:14.028645,592256,nRMWYsMA3winNjqfTtGB,
,-2244.6697827126154,400,euros,2024-02-11 21:41:29.561230,17424135,,
,448.7590196256892,400,euros,2024-05-28 06:44:33.561230,16825774,,
,-2207.901695042599,400,euros,2024-05-29 13:16:04.561230,14475659,,
8463488.0,2102.8797420790106,50,euros,2024-02-20 19:24:06.028645,4841689,8LmjoRjG239N3SkxcTA4,
,2820.295464484689,400,euros,2023-12-21 09:13:09.561230,25052349,,
438791.0,-1427.8122574835984,50,euros,2024-02-05 11:31:56.028645,9829227,CSWUxTBxGmMwIvi2w8Gx,
,-1879.4851872027225,400,euros,2024-04-30 08:38:33.561230,29029831,,
7502784.0,-327.5827585523093,50,euros,2024-02-13 03:43:14.028645,10529143,JCjQvCR3P8hXva4XfOIv,
,-2152.884609167978,400,euros,2024-03-10 21:51:43.561230,25698281,,
1364546.0,2736.7852770515565,50,euros,2024-03-12 16:23:18.028645,431283,HXbJbPVXzI9MhFQaoIff,
13708115.0,1811.0969885448949,50,euros,2024-02-28 15:18:41.028645,530725,9xUMZaqcu8covNQXUMxt,
,-886.359215045378,400,euros,2024-04-30 05:00:22.561230,13104586,,
14472151.0,-2326.0747201229315,50,euros,2024-02-19 09:49:05.028645,28457241,4XO1LJ5wm5uaLo6StO4l,
,-1193.8344974601807,400,euros,2023-12-27 06:22:01.561230,15405421,,
2482939.0,-495.93348854230953,50,euros,2024-03-11 06:07:10.028645,18244611,pch7rHjMaXvGxknzMoi9,
12220107.0,-1502.1802306905004,50,euros,2024-01-18 12:03:22.028645,25028697,8KGwIeLvgnoRNRdBEB5E,
5779059.0,1248.301249505187,50,euros,2024-02-01 11:05:27.028645,5219352,IfV5s2GRToJVMrn6mKZU,
9378330.0,-17.938364302399805,50,euros,2024-02-09 17:20:43.028645,21465333,ZSgBFTp5kVlKv7T2UZUp,
2191277.0,761.4054694030169,50,euros,2024-01-17 12:56:01.028645,2912052,t8C2d5ajtvGvYnkjirTO,
,-1837.7733597836989,400,euros,2024-01-10 11:46:21.561230,11053125,,
8096918.0,2185.8947351356683,50,euros,2024-02-10 15:58:14.028645,4857785,FeQATjNWuDnEEBUDlLAn,
,-347.5867203354969,400,euros,2024-06-07 17:22:28.561230,10217845,,
7754701.0,-1119.0524920898588,50,euros,2024-03-13 00:26:58.028645,25808778,85KWkr4QmhWQv78Rqm7w,
3857099.0,1789.32765250183,50,euros,2024-01-30 01:34:34.028645,8294489,f1J321RlJdAeQrJJyTwJ,
319464.0,2640.049470961525,50,euros,2024-01-26 22:09:00.028645,3108356,IBMHzsWFmLuJ5m5zC2ln,
,-1985.9093711465616,400,euros,2024-03-23 02:45:08.561230,17883663,,
,-822.8475523470711,400,euros,2024-04-09 04:44:59.561230,23434662,,
,-1986.0652673234229,400,euros,2024-01-28 06:35:07.561230,4416210,,
,1982.5037657929297,400,euros,2024-01-05 02:53:58.561230,9451013,,
,-1407.326093484486,400,euros,2024-01-31 17:19:27.561230,27293445,,
2756425.0,1352.538243580614,50,euros,2024-03-13 07:48:19.028645,19721548,llYfVZgGIvdrMdFSampn,
,-546.8505998301061,400,euros,2024-05-31 20:14:04.561230,23877313,,
,-1668.6640584359698,400,euros,2024-03-18 09:51:23.561230,14181940,,
7407260.0,-450.12627888002953,50,euros,2024-02-01 16:43:32.028645,4955394,PTxaUdIDasjEqfNvanyl,
8985958.0,-1836.10951780214,50,euros,2024-03-13 02:31:28.028645,25674418,Mm68vbF9o9yGAOBHW6W7,ACNUR ayuda siria
,1818.145737192117,400,euros,2024-03-24 06:57:45.561230,26702243,,
,-1073.675456300412,400,euros,2024-03-29 04:40:38.561230,7459017,,
,1960.3504749087888,400,euros,2024-05-24 09:50:03.561230,3678674,,
,752.4965373790201,400,euros,2024-04-05 14:57:48.561230,11893943,,
9399868.0,1699.6172151603405,50,euros,2024-03-12 02:32:42.028645,17733122,cZkDfRt1zYQnyrs0xasq,
,-322.0740209765263,400,euros,2024-02-07 09:28:16.561230,1536378,,
,-651.7446219779918,400,euros,2024-04-24 18:57:39.561230,19020822,,gosento polvorosa destapada estada gibosa escolsar cayada
,-925.0987967658656,400,euros,2024-05-02 12:25:15.561230,22549111,,
,-1829.6993152288287,400,euros,2024-03-04 09:33:54.561230,27514942,,
,2198.0446247902983,400,euros,2024-01-27 23:37:36.561230,17557570,,
11150816.0,2289.795888822121,50,euros,2024-01-19 00:44:06.028645,28717225,RgCdotMHlw73T10A9rdR,
7755066.0,1800.5050305642244,50,euros,2024-01-21 17:28:53.028645,6794709,FaAjA7DnbBD3sGgmJDrM,
,-1278.278838461191,400,euros,2024-03-03 12:39:29.561230,17985711,,
,-386.6196578559384,400,euros,2023-12-20 09:26:24.561230,27938888,,
,409.1562934911967,400,euros,2024-02-22 09:42:18.561230,42503019,,
11276260.0,-361.6428272511153,50,euros,2024-02-26 16:33:00.028645,12653707,lelPOxUHukOvDNSja0HM,
13075740.0,-41.16184258215026,50,euros,2024-03-04 11:05:08.028645,28681869,15qxNCAv4eYP0mW4g9st,
,1282.8037993032872,400,euros,2023-12-27 18:45:03.561230,17716545,,
,528.194088793864,400,euros,2024-05-19 21:54:45.561230,24152089,,
,-2336.822195486157,400,euros,2023-12-19 22:05:08.561230,13415784,,
13905438.0,-1692.8517054851714,50,euros,2024-01-22 13:45:50.028645,2082096,gH52XMpQW1hSylAdN7ec,
,2264.507116838916,400,euros,2024-04-03 23:04:32.561230,12915197,,
,-2097.97943965443,400,euros,2024-04-30 19:48:35.561230,31085135,,
,249.6250384617529,400,euros,2023-12-25 10:45:43.561230,24373555,,
,-1346.0472222321862,400,euros,2024-04-17 03:10:53.561230,4474800,,
2859324.0,2490.5077589231787,50,euros,2024-03-13 11:38:40.028645,27244544,nJERocFYzvJdPRilwOlz,
,-468.7230764499618,400,euros,2024-02-22 19:27:56.561230,22984085,,
,341.62631673587794,400,euros,2023-12-30 22:40:28.561230,11078789,,
9483654.0,374.7284406075328,50,euros,2024-02-14 10:00:55.028645,29715678,v4CmGg0ry9Hwrt1UD8Cj,
4366080.0,-1364.8552045647634,50,euros,2024-02-28 13:53:58.028645,13445426,GqNJoKJ5Gwv0a6UAkDw0,
1363953.0,803.4244132989174,50,euros,2024-01-20 11:04:24.028645,15064642,LpLhFUsr7GvvHzyFfrxr,
9122461.0,1217.7381218020655,50,euros,2024-01-27 19:14:37.028645,3910854,Gcfyd9juUj8YdwQ4w6jg,
,2787.8703456427947,400,euros,2024-05-24 07:28:48.561230,88122359,,
8377442.0,-1882.702404555671,50,euros,2024-02-13 09:05:09.028645,21706247,DRA2IJJpUKVDpiKP9QCn,
13249823.0,2898.210208129409,50,euros,2024-02-15 15:37:47.028645,26202156,CDgVTeEnGRtoUNRqafK6,
14451332.0,-461.671738087618,50,euros,2024-02-10 16:50:32.028645,54236712,0gT5KN3iA5GTRgEma7z1,
,-2394.906342427568,400,euros,2024-05-24 13:08:02.561230,29853124,,
158638.0,-625.6287216138485,50,euros,2024-02-18 23:44:30.028645,681873,bZCDzSSCTMqcmuzxGZ7B,
4175400.0,1379.4381854522376,50,euros,2024-03-12 15:34:50.028645,19638083,zR0WNMUrk6Biw0VI43Eq,
,1983.955801733833,400,euros,2024-01-05 18:31:50.561230,23848777,,
,-2516.8288296164824,400,euros,2024-01-01 08:25:05.561230,18903513,,
,2411.815937978641,400,euros,2024-05-07 10:11:44.561230,18152074,,
126734.0,1570.3614213425308,50,euros,2024-02-18 00:37:34.028645,14470545,bbH1OPDhXotr89k8TjNV,
9855458.0,2748.8979997628367,50,euros,2024-03-05 01:20:49.028645,27615473,bPmqhcoZkwcUivE3E9AY,
5524039.0,-664.4444701219393,50,euros,2024-02-05 08:52:48.028645,10761853,lr4ogqhYmaBk996WDw1b,
2431965.0,-1652.7450529041216,50,euros,2024-02-13 12:13:38.028645,9577916,Buhsn4D2p3RRZuimrVye,
10092686.0,1328.0898992487455,50,euros,2024-02-04 00:13:38.028645,5060617,UROCaGhcz80EzaKE0JZb,
1732054.0,408.3079296405804,50,euros,2024-02-18 09:31:05.028645,11306946,SqMrwvuYZfeduNvbhs0V,
,1821.422119280057,400,euros,2024-02-08 23:37:04.561230,1930541,,
5759345.0,482.8245985625772,50,euros,2024-01-31 16:24:45.028645,10599612,WTitGrRmGN1vsuwDBOgK,
5871108.0,2947.4296657029627,50,euros,2024-02-26 05:31:30.028645,10908966,Vi6qY7MqXWreUwRH9Txr,
9723441.0,-2217.093394519464,50,euros,2024-02-29 21:18:14.028645,29453667,NLLpQMuzo39k7T5g8KtG,
,-626.62397960407,400,euros,2023-12-18 13:26:57.561230,12396636,,
4300763.0,-239.5188865613873,50,euros,2024-02-07 15:51:55.028645,6599208,5CR44GfRNuLYubJASElV,
,1011.369231966265,400,euros,2024-05-05 11:06:21.561230,20237811,,
7473903.0,1835.7401769952796,50,euros,2024-02-12 21:47:55.028645,25420308,S4z1GuHJqAlacRSiu3rs,
13538125.0,1903.6847540280717,50,euros,2024-02-04 16:22:22.028645,26407542,uZdPP1XH7g77Gu1BPX3t,
1584857.0,1660.725535796506,50,euros,2024-03-05 10:27:07.028645,2702298,Eo14YGMbdNYFjRCUMgEM,
3682838.0,2727.9387687427434,50,euros,2024-01-22 19:20:56.028645,24471931,PzQTUn1eXmuZlq9SGrvD,
361846.0,-1406.753253764953,50,euros,2024-03-08 03:03:14.028645,10121285,Qmzw8EgmFxYZyyxY6eXC,
9821615.0,-1490.6924683858413,50,euros,2024-02-15 23:55:14.028645,2360051,eBn77NvNaK4bTBcIkYWw,
,2266.7799313839114,400,euros,2024-05-21 14:33:57.561230,14225484,,
,-1981.044985448242,400,euros,2024-03-08 20:52:43.561230,19121059,,
5923986.0,1573.2696359095153,50,euros,2024-02-03 22:48:13.028645,16168382,YUnYrGqZ3ouYUEmU3KDH,
,-1460.4459168043932,400,euros,2024-04-10 17:08:47.561230,18317500,,
,1156.399875501158,400,euros,2024-04-24 03:21:20.561230,14459914,,
,15.2345050290337,400,euros,2024-03-17 08:04:24.561230,16837804,,
10640490.0,-1759.922883105785,50,euros,2024-03-03 19:06:50.028645,25718556,y77E6tXBGovbp3ORK7Vc,
,1043.623731567376,400,euros,2024-03-05 04:42:18.561230,14225620,,
,2037.7374548629305,400,euros,2024-03-05 10:02:41.561230,11709984,,
,-505.85748044957927,400,euros,2024-05-07 05:45:24.561230,4201506,,
13744199.0,-2027.5012084985483,50,euros,2024-03-09 17:35:28.028645,8186931,T1lrnB8J72Mt7g9k6mHZ,
,-1652.4560891988838,400,euros,2024-01-15 21:01:40.561230,2461413,,
14929348.0,2005.2511104758296,50,euros,2024-03-02 09:58:51.028645,73588068,ZPcr0AuqEZbuKQJ7GIBi,
8614769.0,-1121.6514841250405,50,euros,2024-01-29 18:02:41.028645,23126951,v98SSn1d7ehxGHX4oUUV,
,-1627.4523162832118,400,euros,2023-12-29 17:18:46.561230,11616084,,
,-845.7672610838683,400,euros,2024-05-08 23:47:12.561230,29603383,,
7896796.0,470.7208224673496,50,euros,2024-01-16 15:19:09.028645,10296409,rUAkPTMUux8kJGMqMFh5,
6174215.0,-779.0522647900809,50,euros,2024-02-14 12:19:41.028645,21078353,wkSXrJ20q43GM5T9nnmI,
4480365.0,1416.5967434858007,50,euros,2024-01-19 01:07:16.028645,17950954,vIPXHeDPn9Nq9sYL9b4S,
,-1912.5698819719853,400,euros,2024-01-09 22:41:42.561230,84626355,,
1814726.0,-981.5563083439612,50,euros,2024-01-31 05:47:09.028645,12964197,Rx08DGHkRuK0ZoaWmjAJ,
14263249.0,-789.129699711752,50,euros,2024-02-15 05:10:46.028645,9518224,NCHFhAjk3EHLsCY8tpqO,
10390186.0,1132.0589636558298,50,euros,2024-03-07 01:09:21.028645,14601774,0YEKfMZqqDPHMcu3RPuF,
8873212.0,491.4020128995635,50,euros,2024-02-08 16:36:19.028645,1730605,8rMc5KSLpEPnUFGTMoVd,
13589714.0,638.7590784523177,50,euros,2024-01-23 11:44:09.028645,4712986,UPSFaR9MTc19zbcY5vY5,
,2442.205730554165,400,euros,2024-05-28 02:32:22.561230,12406659,,
,-1048.2259601088444,400,euros,2023-12-15 15:20:44.561230,21270331,,
,2868.877536693095,400,euros,2024-03-01 03:48:04.561230,23344161,,
,445.48309133842304,400,euros,2024-03-11 08:48:55.561230,29501523,,
3595690.0,-2509.081227243649,50,euros,2024-02-14 08:17:07.028645,6379325,gxNsTooUTNzggO3FPXTN,
,402.7295855412099,400,euros,2024-02-26 21:45:55.561230,7105569,,
2368751.0,-716.4064306151877,50,euros,2024-03-06 14:43:51.028645,5451121,h3xDGtpYnBP2cnDV5SPW,
,120.41909250033314,400,euros,2024-01-01 01:23:16.561230,459719,,
,-379.8056299232044,400,euros,2024-05-04 00:09:30.561230,19519399,,
3295835.0,-1816.2296917052297,50,euros,2024-01-29 08:54:57.028645,2265112,FMdW62iq7awI0gTDR5uw,
,-2339.1582500544123,400,euros,2024-04-25 21:37:32.561230,12381338,,
,-287.27592218923746,400,euros,2024-03-07 03:40:28.561230,26378821,,
,621.0852232361935,400,euros,2024-03-20 20:51:28.561230,31114769,,
5283920.0,1754.4071107948848,50,euros,2024-02-25 02:39:19.028645,27434229,pWdtt9Q9mUFx9WT35L0X,
12776496.0,-2198.0401753255624,50,euros,2024-02-15 12:53:40.028645,11459426,b1dnbaqRCKKC5ZKUb3PA,
10943326.0,577.736942876676,50,euros,2024-02-13 04:23:47.028645,54394,ulN8t8jP4bFmH74Ey8He,
12102851.0,1693.0713581090113,50,euros,2024-01-19 18:13:04.028645,10273557,JeMZFeNdPPXvXo4JfpFw,
985761.0,631.260312648139,50,euros,2024-02-27 14:37:38.028645,9938347,1sg3EarAPWh0pLFp83gr,
13184972.0,-470.27754176232247,50,euros,2024-01-30 01:07:18.028645,15101530,ENcYbXe4T5hd2bzQfhZ9,
1403113.0,-1464.213805713221,50,euros,2024-03-07 22:00:54.028645,16010680,XEtJ3goILVWFBz4Nrk0E,
11768374.0,-686.2695857497508,50,euros,2024-01-18 01:22:55.028645,3935411,kzDXeDbKATE9b6vIFwrZ,
8798163.0,2788.1185070171714,50,euros,2024-03-07 07:18:16.028645,23110484,K89uFiJ42AgarNv03MH0,
2451279.0,2949.012136490419,50,euros,2024-01-31 18:52:32.028645,14908892,uE7lMUtzi3BJn3z3kmaX,
11055956.0,-481.9562820990855,50,euros,2024-03-07 19:22:33.028645,7095999,mgIyRc62HLlL1WFFZmSG,
,-1255.6258060624648,400,euros,2024-04-12 23:55:54.561230,26482907,,
,2079.4338262979445,400,euros,2024-04-04 12:57:18.561230,17359657,,
15052205.0,2081.8311516600943,50,euros,2024-02-27 20:09:06.028645,79584641,PED3ajW2znMN6v1JMRq7,
13018861.0,946.7612208921414,50,euros,2024-02-09 01:50:18.028645,24443782,djjgiSgdYufj8WK3PlU1,
11012998.0,560.7718248272799,50,euros,2024-02-07 19:24:24.028645,27446271,nYGVZ1ahTc4STzUiElm2,
9763039.0,2356.2899905054974,50,euros,2024-02-19 14:01:50.028645,18418333,zrMki0tzxpVL3TBqXD9a,
5174920.0,938.1391384180106,50,euros,2024-01-30 02:22:10.028645,19109428,1l3jWLoc3WMJW2nnXnPp,
,-1687.6413812490223,400,euros,2024-03-29 08:16:53.561230,13706398,,
,-1234.261487248147,400,euros,2023-12-26 11:19:54.561230,14378733,,
,-964.0118123590644,400,euros,2024-01-17 10:07:04.561230,11977968,,
8885050.0,-2173.079967751348,50,euros,2024-01-29 11:57:45.028645,12118004,JMQhs0zCDixjeL0yBMkf,
,-82.15384841863806,400,euros,2024-05-23 21:04:50.561230,24731740,,
,1262.4437649143874,400,euros,2024-05-19 05:40:37.561230,12256625,,
,-2392.916079780553,400,euros,2024-01-22 02:35:04.561230,8633768,,
4077512.0,1527.1365172446017,50,euros,2024-02-18 11:32:29.028645,24680081,uTDl4286hjd5lSDDqwEW,
,-1734.243011166598,400,euros,2024-01-13 01:08:02.561230,26796599,,
,2258.706400196541,400,euros,2024-04-09 13:57:32.561230,465679,,
,730.1844953376308,400,euros,2024-04-21 06:31:18.561230,20777101,,
5949918.0,-1861.236752279955,50,euros,2024-01-25 03:08:45.028645,3621033,dI2BvTN5ttcD2gVQwJlD,
2276954.0,227.93802394594468,50,euros,2024-01-18 18:35:28.028645,23797716,qUCRdu7mmzgRsVyVjIzD,
,2500.0616216541703,400,euros,2023-12-30 19:26:27.561230,27770521,,
7482636.0,845.8191671807244,50,euros,2024-03-04 15:11:47.028645,24387596,ZbNuk7e59q14Eq7QZsnF,
,-48.65110466136776,400,euros,2024-03-17 13:08:38.561230,26759816,,
13974570.0,1170.1309696359112,50,euros,2024-02-14 04:30:40.028645,6824368,Ic2bUbSEYhbaOrdZ4ks0,
14928445.0,196.63456973251868,50,euros,2024-01-20 11:18:21.028645,58532330,Fvz0yetOq69QnIaMREi5,
4889260.0,-874.296911470642,50,euros,2024-01-22 22:21:58.028645,7488986,7IpToJcjDqf36SNuvDnF,
5271595.0,1682.4715190662364,50,euros,2024-02-19 15:53:04.028645,22066542,ohzIABSn5z1AWEz9X3Zf,
11489585.0,2279.083029800214,50,euros,2024-03-11 08:46:03.028645,421495,velNN7EdlOuPUhEiBQmr,
8923852.0,1664.8194326914454,50,euros,2024-01-20 17:42:39.028645,1917071,2J95Lj9hCkZzSYBS43YM,
7158187.0,-994.991509182516,50,euros,2024-01-29 04:06:28.028645,26502329,8xc29HUBOe6paysH8lFR,
,-1770.3451978687854,400,euros,2024-04-11 00:33:50.561230,19431652,,
1897300.0,-2530.90438111904,50,euros,2024-01-16 23:39:13.028645,6297578,la0mjpCUnzIYnCzjY0fr,
,111.5216840708863,400,euros,2024-04-13 15:15:26.561230,20001147,,
,2324.952962967526,400,euros,2024-03-17 14:38:20.561230,22830129,,
,1481.7919690570134,400,euros,2024-04-16 07:08:35.561230,13743567,,
3406390.0,741.7319368176527,50,euros,2024-01-28 21:00:45.028645,8342751,U9ibEjixfoFeqpfgy034,garra betel zamarra agrarismo tosegoso episodio colecta consocio
5287434.0,2738.410512163794,50,euros,2024-01-19 11:52:26.028645,8704781,hyaaQjVwlPNF2J7CPCp2,
,-1541.8681251527453,400,euros,2024-03-21 04:33:39.561230,14609405,,
13808174.0,-2379.376097901397,50,euros,2024-01-31 01:08:16.028645,15719145,Tcqzfdn1MrEprzig7muJ,
14678091.0,2840.582519132753,50,euros,2024-01-24 05:33:10.028645,15091203,p5pg4SfcIacB1Bx3DjMz,
,-1431.7892131226324,400,euros,2024-02-13 06:09:21.561230,1657280,,
,297.95411193230666,400,euros,2024-02-05 02:20:34.561230,29028718,,
6611518.0,1289.36657457724,50,euros,2024-02-11 23:03:24.028645,28160099,SpouAjiSEnC9swAvf6Hj,
,-1782.8242960756638,400,euros,2024-04-09 15:09:57.561230,9386373,,
12512968.0,2948.955739283627,50,euros,2024-02-17 18:57:28.028645,261632,kXC6gMoVG0AoaJJHJ0GZ,
6653683.0,2236.222787798736,50,euros,2024-03-07 11:37:24.028645,14588655,stGSl20dGbdZtpmrcT3U,
7288573.0,1680.1209512921632,50,euros,2024-02-29 23:26:52.028645,26528926,sPSWed75wldGD0UDaCIp,
,1237.8775512844304,400,euros,2024-04-06 21:16:27.561230,22849572,,
,1666.08607934648,400,euros,2024-01-15 11:24:37.561230,2459510,,
,-985.4969595138308,400,euros,2024-04-17 00:25:53.561230,13772933,,
9834120.0,-952.8854483225598,50,euros,2024-01-31 02:27:55.028645,83485,FupeBIe3y5AzYb1JsrdV,
,-1791.5586790349637,400,euros,2024-03-27 07:30:12.561230,9759066,,
,2277.4882276181343,400,euros,2023-12-27 17:41:02.561230,1553327,,
1375825.0,-1026.8876484649693,50,euros,2024-02-01 13:44:37.028645,10353442,sruHmNeF1CM4tNqMWLbc,
7360990.0,-75.64365974323755,50,euros,2024-01-29 13:30:50.028645,25262284,mVn8h31oH9YKFRNbWnad,
,889.0969242090569,400,euros,2024-01-10 05:14:44.561230,20413857,,
,-1509.0906334673102,400,euros,2024-04-11 08:15:15.561230,13508221,,
,2695.146847287866,400,euros,2023-12-14 14:07:55.561230,23545666,,
14466398.0,1279.572955702115,50,euros,2024-02-09 12:50:07.028645,17807390,FO07071IWasdU84Vy7WM,
6476444.0,2961.8197209730333,50,euros,2024-01-24 17:08:27.028645,24288250,gdiD6YgKPXdficwKvlan,
,517.9023697959278,400,euros,2023-12-26 07:38:12.561230,6586645,,
4929723.0,1512.746767748083,50,euros,2024-03-07 19:28:02.028645,147383,fKQKYf8y0tzIEYrRGMWi,
510540.0,19.743475415969897,50,euros,2024-02-18 05:12:23.028645,12617404,PUq2zWeJGLdhaU44iE6q,
,-1929.2877769370373,400,euros,2024-04-28 02:04:30.561230,10443013,,
,-2498.612253994558,400,euros,2024-02-15 06:05:58.561230,18530685,,
,2499.8919779128364,400,euros,2024-01-08 08:35:05.561230,27970613,,
,-2305.8340613810205,400,euros,2024-05-27 08:01:21.561230,11338526,,
,-1094.6061373058683,400,euros,2024-04-27 19:03:53.561230,27911258,,
12978260.0,2741.01552661969,50,euros,2024-02-16 04:45:01.028645,20230232,Gpq2uB2PUlA6x9Ucu9eY,
10932492.0,-1777.471859515697,50,euros,2024-02-11 17:44:49.028645,20882077,cA0vLyVMEVNXxapN3EIA,
,1917.079994367948,400,euros,2024-04-14 06:18:02.561230,3410491,,
14537686.0,1744.7362441833948,50,euros,2024-02-24 15:03:53.028645,2661,OvDe8yRJIyzYeNx3Pr9q,
,-1169.8316960300435,400,euros,2024-04-12 12:33:35.561230,1788664,,
1290404.0,-2386.593124515194,50,euros,2024-02-20 07:00:20.028645,10824994,RO86gldiPUyARxPGDwB9,
5726043.0,1341.6423488856058,50,euros,2024-03-08 18:14:52.028645,21275476,1JR9hGfhTOd5BiqRsOiP,
9840669.0,406.0231258197428,50,euros,2024-02-27 03:51:12.028645,12050349,syOHw2GmN6gHU6K8Z0ct,
,-1605.5220917963877,400,euros,2024-05-01 00:19:24.561230,17470486,,
2677342.0,-1856.1065537258207,50,euros,2024-03-08 04:01:59.028645,302750,CohGpIdQCbCcJMRUXqdc,
,2869.5954283426754,400,euros,2024-05-17 02:14:27.561230,17567358,,
,-1877.283270485944,400,euros,2024-06-04 08:51:56.561230,14331169,,
5256446.0,2873.0739890904088,50,euros,2024-01-19 19:36:12.028645,12742165,IrnVzorYbl5dHPYQRECy,
6507511.0,-492.4481846971949,50,euros,2024-02-05 02:41:48.028645,13397711,DOlGKqHJV7pieMOCFMkS,
11711200.0,-1148.6065627634953,50,euros,2024-02-10 04:20:19.028645,20117635,IApKaMVYyo3TTpX0NUIz,
,2118.2602120633046,400,euros,2024-06-05 03:08:02.561230,25357305,,
13994169.0,-5.929297463007515,50,euros,2024-01-29 01:38:30.028645,21989820,76gduH0INJWzIRVWBRJJ,
15181575.0,2825.3386130714907,50,euros,2024-01-27 09:08:43.028645,54075097,JBny85LETTZjGPESPVTp,
,-1109.9097524559468,400,euros,2024-04-23 09:32:16.561230,24800473,,
,2169.8615469412807,400,euros,2024-02-11 09:59:33.561230,8330374,,
,-633.1645413211913,400,euros,2024-04-29 00:59:13.561230,1827044,,poqueteo argentado repirtape seborrea mamey sasido
,-2020.300177987045,400,euros,2023-12-30 12:51:37.561230,16858380,,
,-2296.0856951262517,400,euros,2024-03-25 10:39:11.561230,41860413,,
,475.9383161681212,400,euros,2024-06-03 19:12:38.561230,7765730,,
13490032.0,1492.471603557511,50,euros,2024-03-01 13:52:06.028645,9492232,oaZ82VppHGNi1jznM7gM,
4954029.0,2608.213887830566,50,euros,2024-01-30 18:41:24.028645,18239068,cw8S8q1K2K8pZ1gmBe6A,
,-1463.0211719808797,400,euros,2024-06-06 09:18:44.561230,17803690,,
,-276.088353072294,400,euros,2024-01-08 14:47:20.561230,9831656,,
,-2081.509817377608,400,euros,2024-06-04 15:20:42.561230,21714307,,
,-2092.944972186986,400,euros,2024-02-11 23:17:31.561230,29316145,,
,-1110.0430579978156,400,euros,2024-02-16 16:02:42.561230,27095006,,
,387.2040738697706,400,euros,2023-12-23 14:58:40.561230,9658369,,
10524265.0,-2072.61510539082,50,euros,2024-03-05 08:57:22.028645,23314592,vAaFfuT2CT0fPDc03iVL,
9197772.0,-2380.4735128371053,50,euros,2024-02-23 00:58:43.028645,17959668,hEokTQgiKoei3U4ZllQf,
,821.8241515406116,400,euros,2024-04-13 02:05:44.561230,8450893,,
13181095.0,1117.1974770886804,50,euros,2024-02-02 19:58:33.028645,1438646,mNdDfab85hSX9lF9KaQK,
,-2215.821588663762,400,euros,2024-03-04 02:45:50.561230,434370,,
3660437.0,-1996.68058630524,50,euros,2024-01-24 11:23:27.028645,27130004,F5wDDYQZZnLsA83t0h1U,
12692156.0,1870.031299692293,50,euros,2024-01-16 04:31:51.028645,7758654,0HZWrT4Jut13TzPdnx0H,
,1915.733804451762,400,euros,2024-02-15 03:05:56.561230,2576580,,
,-755.5245310491459,400,euros,2024-04-16 03:21:49.561230,94988960,,
726022.0,1215.186605068829,50,euros,2024-02-11 06:15:00.028645,26174465,QLCa3oaQBKSxwlfXoWSC,
11247668.0,1403.3351393795242,50,euros,2024-01-22 18:33:52.028645,20443410,oSDCCt9LzB5uLDyY21pw,
4102927.0,2669.1138970863976,50,euros,2024-02-28 13:32:29.028645,8687653,eB30L3iwBU0otw9nfnzU,
,2900.216635184781,400,euros,2024-01-05 23:40:50.561230,1547547,,
8918446.0,1172.889729598509,50,euros,2024-03-03 09:49:57.028645,29690778,VSJjiMOPwsXoOa3lWLnC,
11253374.0,2871.7002667540046,50,euros,2024-01-15 09:57:43.028645,28420043,1sZgHh41T8yh4tHBGC8o,
8963104.0,-824.8716589274134,50,euros,2024-02-25 02:02:15.028645,17375602,Cf1Hy2xYzrOfUOxCsyQz,
,1903.5781505055247,400,euros,2024-02-26 19:39:16.561230,3010504,,
,-778.3382236238585,400,euros,2024-01-26 01:14:20.561230,23896393,,
,-621.1617816630423,400,euros,2024-03-25 08:56:31.561230,3322321,,
,-1113.0563711299765,400,euros,2024-04-24 10:01:00.561230,3637993,,
,2599.7134528059923,400,euros,2024-01-18 15:54:34.561230,24475760,,
3681062.0,-248.47293372775675,50,euros,2024-03-02 15:21:23.028645,5546348,lZQjGJT2wV8JgFYY7uIa,
701248.0,-1829.8901542580109,50,euros,2024-02-09 16:48:49.028645,2329127,NIKluWtH8EYjviSVUfA4,
,1691.9591086243654,400,euros,2024-06-03 07:03:44.561230,8155586,,
11567808.0,2134.758209183091,50,euros,2024-03-01 06:44:32.028645,8470720,aXHxCGnISK2tebPoqshw,
,-179.0251524074224,400,euros,2024-05-12 02:19:22.561230,23333802,,
2009554.0,2627.610684724689,50,euros,2024-02-12 00:32:49.028645,27043489,dcBXNeyQax2HgH75XyLI,
324263.0,-2412.243464519962,50,euros,2024-02-15 16:46:24.028645,19659417,M5SpgOw30084eOVUZXUg,
,-1594.909688076718,400,euros,2024-04-14 04:40:39.561230,4760329,,
,634.0286310188685,400,euros,2024-04-13 18:26:59.561230,62693300,,
,2947.567654315105,400,euros,2024-05-25 19:33:10.561230,13879930,,
4983206.0,1473.4286755797089,50,euros,2024-02-23 02:14:52.028645,23807723,NU6pvx3pqDlCSCjKjDJY,
7294180.0,2346.677042259916,50,euros,2024-02-10 17:19:28.028645,15535491,K3lEIkNLKCUhWZK6cWFs,
,2668.2117912073527,400,euros,2024-02-17 21:09:37.561230,15956967,,
,1323.7943263200275,400,euros,2024-02-22 13:15:24.561230,16764111,,
9139931.0,130.63148189616822,50,euros,2024-02-15 10:01:23.028645,496088,WUzmOPPmkYAtNqGZwtgF,
,666.6403019067789,400,euros,2024-05-25 04:48:47.561230,2466006,,
,558.6310944424772,400,euros,2024-01-02 00:29:56.561230,4166274,,
4791656.0,-2026.5470205584843,50,euros,2024-02-21 15:27:03.028645,19247263,a3jMiAvyzJ5uFFDGsdq7,
,1043.9200899902844,400,euros,2024-02-15 21:52:09.561230,9348530,,
,112.54329058042322,400,euros,2024-02-16 00:29:19.561230,23687952,,
6708305.0,-1560.2741250620693,50,euros,2024-02-03 10:51:09.028645,14664006,brkyoDpp7NQLM9xAbSBy,
4869345.0,-2291.514547615533,50,euros,2024-01-14 03:03:47.028645,12337969,8BtbrlAqBt4o7VqEFkQo,
,2980.978852940454,400,euros,2024-01-31 13:59:34.561230,21715333,,
9093864.0,717.8570142866051,50,euros,2024-03-07 11:10:40.028645,12986387,0VBjuxlPQuTApVsXRxt8,
,1315.1728989156782,400,euros,2024-05-21 19:38:37.561230,2572459,,
,2333.544480198017,400,euros,2024-04-13 04:21:55.561230,17429469,,
2238027.0,-2252.865786246884,50,euros,2024-01-24 15:01:17.028645,288993,46dUppPcG1TCo57Yl9xr,
1450973.0,-402.5742099860668,50,euros,2024-01-23 18:45:26.028645,25661834,7MOCjR9GHahh9AAWDcjn,
9898439.0,-1337.8350130090507,50,euros,2024-02-09 09:45:29.028645,6000985,w7AxqtTx0jcO1vhnOD8o,
9835401.0,-1002.4284467132225,50,euros,2024-01-28 23:48:57.028645,2362291,ZOqz3406u9v83rfL0VvS,
9685295.0,991.7931774075468,50,euros,2024-02-14 20:10:50.028645,11196347,mOWuognZ22tdWRlzHrBN,
,-2446.888243021575,400,euros,2024-01-28 05:39:23.561230,24320984,,
5928067.0,-2209.356513375116,50,euros,2024-03-08 04:50:21.028645,16055658,lnp6INNas014ie10ijQv,
7412208.0,814.0439764018661,50,euros,2024-02-20 02:44:25.028645,4720712,hiwlaugwbEJnxb0JuoDx,
344057.0,-1831.1350169610823,50,euros,2024-01-29 09:18:46.028645,26682357,XSE775PawdEHRaQuRSYk,
13922796.0,-1129.397974924717,50,euros,2024-02-25 05:29:02.028645,18426676,FMYjFxygUGiVvmSGw8ht,
11694138.0,-1003.111439460762,50,euros,2024-01-31 03:49:39.028645,13209143,1nlt8JrOatmlTZH8OdgX,
4287622.0,-1146.8984798275817,50,euros,2024-01-17 05:39:23.028645,11204948,poqUnFmSReuuRU41vA3V,
,-358.58141939714733,400,euros,2024-05-31 05:38:26.561230,655558,,
,2881.899394183174,400,euros,2024-03-07 22:28:01.561230,17626893,,
,-1116.8867463030597,400,euros,2024-04-23 10:11:47.561230,1349760,,
,-65.23918656372325,400,euros,2024-06-04 09:02:12.561230,23626030,,
,47.16853681765542,400,euros,2024-01-12 05:08:59.561230,28919436,,
2602752.0,-541.2970368320559,50,euros,2024-01-31 20:48:35.028645,778844,mHqTP2Tnmn3d4UxWf7GI,
3136702.0,-2499.8938654222475,50,euros,2024-02-14 14:39:49.028645,5983894,RqDtbHhRFxyQnoonN0hj,
149742.0,-1368.6949169740578,50,euros,2024-02-10 10:20:24.028645,24687429,CTpnEEkmlRw8tr0KEIbq,
,-2441.583174918508,400,euros,2024-02-25 20:14:40.561230,23365760,,
,-1098.4932021267985,400,euros,2024-04-16 08:28:33.561230,1144552,,
10853001.0,2862.176700160263,50,euros,2024-02-25 17:37:43.028645,26812737,RPARyo1Xw6uGBcXlaN4T,
,1774.7777952922952,400,euros,2023-12-19 21:14:19.561230,5976876,,
12487761.0,2496.8349642376643,50,euros,2024-02-05 00:02:21.028645,23767663,SxTOD4IG9DwyWcJC3DcW,
,-2550.370090393932,400,euros,2024-04-23 06:46:27.561230,18215800,,
,629.6274068046678,400,euros,2024-04-03 01:43:10.561230,27105436,,
,1069.172564393704,400,euros,2024-05-18 23:54:55.561230,27667804,,
10532280.0,1684.1462713412493,50,euros,2024-02-04 14:34:16.028645,434925,QoeKD8oDRVZojXSRpiW6,jiseno dalmirlas ermozado paso viandante rebestar
,-2330.7474475762137,400,euros,2024-01-30 19:27:54.561230,567199,,
14640243.0,-1407.419411396077,50,euros,2024-01-18 13:24:23.028645,32874698,ukC4WZRZQ4HlvqtGOrtu,
,260.0855318293761,400,euros,2024-02-29 23:45:04.561230,28218638,,
10731767.0,-1294.0150098061113,50,euros,2024-03-10 00:28:54.028645,23118427,83WUmbMo8VXj5Myi6KMP,
2967658.0,-1415.9282517596243,50,euros,2024-01-14 20:31:49.028645,15857024,Mb4jba0T54rjpffAns7m,
,-1287.6323095800433,400,euros,2024-02-17 03:34:54.561230,16280180,,
14838611.0,1480.2435000812202,50,euros,2024-02-08 09:17:07.028645,58503910,n0weuBLYsvLcv1TUFXOB,
6708431.0,2149.903217064852,50,euros,2024-01-27 21:58:27.028645,18126480,z42aTeiddGm1wFwNYrri,
11491684.0,-1979.648226352373,50,euros,2024-02-22 14:26:04.028645,29252664,wL8luW1bg5ITnU9T66Nc,
,45.190275580479465,400,euros,2024-05-23 06:54:11.561230,18703851,,
,1061.2867031845944,400,euros,2024-04-08 07:58:05.561230,22244893,,
,1472.1429087402903,400,euros,2024-04-29 04:16:50.561230,17394808,,
,-758.1119150378015,400,euros,2024-02-05 12:05:41.561230,29530946,,
,-1509.172547053175,400,euros,2024-03-20 10:00:28.561230,18315359,,
,2884.8243996976616,400,euros,2024-01-19 08:20:46.561230,9757084,,
11888847.0,501.9880305584648,50,euros,2024-02-21 08:54:15.028645,19947559,p1xCX3AakF5JedY6l51W,
,1803.971790651447,400,euros,2024-01-07 01:33:33.561230,17164194,,
5618262.0,-1694.8647004733216,50,euros,2024-02-01 20:30:12.028645,24936472,OSXN0KYWWitrB36S8pYN,
1026832.0,692.8762868894728,50,euros,2024-02-19 06:40:28.028645,7005544,GrffQmFsq8DczhMg8eTI,
,-1614.767961941444,400,euros,2024-06-09 04:11:04.561230,24545688,,
598121.0,-1240.6700691854949,50,euros,2024-03-04 15:04:24.028645,5307908,jPHvsKSzTbxpih2DK9Kz,
3573818.0,-2080.092820932707,50,euros,2024-01-26 06:45:36.028645,6897271,0nlg4sjY9N7xmADaYuxm,
13465439.0,-1516.6638409317586,50,euros,2024-02-21 18:06:01.028645,5404158,46TwzglNzHp9xhuTW17L,
,-1698.725361821107,400,euros,2024-03-26 04:45:10.561230,19205994,,
,1809.7886107896584,400,euros,2024-01-03 08:38:04.561230,949530,,
4009123.0,2258.545129521566,50,euros,2024-01-24 05:45:00.028645,4347699,GzbMp6JWPINscS1oBWJS,
,-1134.856498218652,400,euros,2024-03-04 23:37:44.561230,7834375,,
,1064.8208323278482,400,euros,2024-03-30 19:14:13.561230,6627812,,
,216.95439354232303,400,euros,2024-03-30 11:34:56.561230,15360533,,
11933422.0,2159.70222378787,50,euros,2024-02-24 17:03:13.028645,14341770,HzuDNGZmX0RVT8MZcCG0,
,-2234.9863252474765,400,euros,2024-01-08 13:32:40.561230,10271059,,
10113167.0,-179.29360574083648,50,euros,2024-03-11 02:03:46.028645,23112250,N119bWvt61AozC0XvzeT,
14319507.0,985.7425622910569,50,euros,2024-03-06 12:42:17.028645,1248570,3lNxdKY3Un5aBeATHwql,
,-203.63346417026105,400,euros,2024-04-01 06:28:04.561230,13558589,,
,2031.6244314948851,400,euros,2024-04-29 10:42:04.561230,10722948,,
,50.02880684182173,400,euros,2024-05-13 22:16:33.561230,24623743,,
12427540.0,71.21893232249022,50,euros,2024-03-10 10:36:25.028645,546750,Moh53AxVDB9v3rtH6X6m,
2360702.0,-2314.8387803237924,50,euros,2024-02-04 12:44:59.028645,19056906,aZo3OhL1KXBXfZWGequg,
,-2341.16253929336,400,euros,2024-03-31 05:39:39.561230,18050132,,
4278708.0,-1665.6708763348256,50,euros,2024-02-05 03:39:23.028645,11051711,1wb8lMoaQnYSVaNH2f07,
,-917.3331831037956,400,euros,2024-02-24 23:10:46.561230,1935913,,
663581.0,1629.2055819132784,50,euros,2024-01-13 22:54:57.028645,561156,nVm8sZcHFdzzlZIggd9I,
3980600.0,-1668.977697625228,50,euros,2024-02-05 20:52:44.028645,17960795,kG3wIb2JbrTqHYCwVvto,
,2062.4048720959427,400,euros,2023-12-17 22:37:05.561230,11983300,,
,1068.071265012327,400,euros,2024-02-04 15:06:41.561230,16869824,,
11775338.0,-1341.8350741223378,50,euros,2024-03-09 19:15:47.028645,14422916,hB17PhDrF4TH9NwilPJP,
,2198.4340924085645,400,euros,2024-03-14 09:42:15.561230,16959107,,
,-2419.4606569878392,400,euros,2024-01-04 04:39:36.561230,6503908,,
1920356.0,-1051.7091510744533,50,euros,2024-02-09 22:54:49.028645,17286887,Q9d008xjY6s9ZS3pluRg,
,2592.916597100424,400,euros,2024-02-05 17:55:41.561230,21495524,,
6107577.0,447.9030328140084,50,euros,2024-02-02 05:30:23.028645,2945662,OO98VxrTvLJT7ehQdmOj,
,-2066.97321894203,400,euros,2024-05-05 21:42:19.561230,13268173,,
7646528.0,-302.64430486870606,50,euros,2024-01-28 14:20:47.028645,14926844,rawaxcAaptitQEZrpoo2,
,849.8463454747384,400,euros,2024-03-20 16:13:57.561230,19034547,,
12657189.0,-408.30379496685646,50,euros,2024-01-31 06:03:24.028645,14833936,zUmcZSQePpHwZFT4qKle,
,-2197.766667765627,400,euros,2024-06-01 03:33:16.561230,21398060,,
7053154.0,135.48230936075788,50,euros,2024-02-20 12:29:41.028645,29088450,875oN5B83ZLkazcNjc19,
,226.1330311648494,400,euros,2024-05-04 01:09:35.561230,22211972,,
,-47.946928551220935,400,euros,2024-04-23 14:54:38.561230,21711888,,
11198195.0,-2105.932345873453,50,euros,2024-02-26 15:40:58.028645,8788189,5vMKvdVkRb6sCXzdY1fY,
,2323.8926175595952,400,euros,2024-01-04 16:58:51.561230,18727815,,
,-1473.458249667085,400,euros,2024-05-04 13:57:29.561230,26165056,,
2124363.0,-383.3826334782448,50,euros,2024-02-15 15:11:58.028645,764930,tY6rf2I0SeQkdVNrXV3K,
,-1589.8721745626804,400,euros,2024-04-08 10:37:05.561230,26069222,,
7623507.0,245.2361468585541,50,euros,2024-01-26 08:46:48.028645,26871609,e5I1s2gfs1AfSZoOiSHd,
,425.2328359886942,400,euros,2024-04-07 02:22:00.561230,19484111,,
564879.0,482.81831955698544,50,euros,2024-02-12 17:57:08.028645,12573259,FuMKs9X23GFRDgd0h5Sc,
,-831.3448532330151,400,euros,2024-05-05 18:20:09.561230,5549873,,
1693022.0,272.66303271780725,50,euros,2024-01-26 20:26:52.028645,28452339,agWF5llOsSrbRCVr0QVu,
,-1109.0085250047964,400,euros,2024-03-10 07:32:19.561230,9669497,,
,1135.5443863070354,400,euros,2024-01-11 07:15:29.561230,22209224,,
,-2245.783992638393,400,euros,2024-03-24 16:30:13.561230,17382794,,
9874874.0,-208.8137685891329,50,euros,2024-01-31 13:36:54.028645,14407479,3cFDttTrPdVpaLzQPgsF,
,-678.8584425710496,400,euros,2024-03-07 03:16:58.561230,10628539,,
13958868.0,972.176844162107,50,euros,2024-03-06 19:08:23.028645,16465487,rx2q9vAZdcpVY7sDI5NS,
,1314.3960586271237,400,euros,2024-04-29 12:16:09.561230,25769506,,
11451756.0,-501.3231101415563,50,euros,2024-02-23 08:43:29.028645,10837262,dW9n0QfWgLhe0h5oQ0TZ,
6456864.0,815.0123716712933,50,euros,2024-01-26 21:07:05.028645,7440260,qLLeAyd36nedpKZ8NN13,
,1406.6038567744713,400,euros,2024-04-16 17:32:55.561230,89789171,,
13677472.0,1085.91243719375,50,euros,2024-02-12 03:49:00.028645,19420465,zmwhZbteMD4o9i5l6U5v,
13331065.0,-2489.7844449948093,50,euros,2024-02-17 23:57:22.028645,15769097,ISSBQyKiN234CE827Gle,
7915363.0,-1350.4779017306344,50,euros,2024-01-17 05:29:39.028645,12235549,YQCb3ysrMrHWWM6w24Vt,
3847795.0,-1611.320107445179,50,euros,2024-03-05 13:05:51.028645,3017420,WqogwbTl1zBmisDsMWma,
,-1866.693414036836,400,euros,2023-12-21 01:16:57.561230,88149153,,
,-969.2871976742274,400,euros,2024-01-16 13:29:58.561230,12789321,,
10427077.0,301.4275457300228,50,euros,2024-02-23 22:09:33.028645,11682380,0EPjEVTclWCQYxvgkqJ0,
,109.60453144141638,400,euros,2023-12-15 10:44:33.561230,9255246,,
6977187.0,-2347.8891788834794,50,euros,2024-01-20 08:15:57.028645,666978,RG4jYSj5BUIVezq7rgFo,
5668750.0,719.3809640296931,50,euros,2024-03-09 05:43:07.028645,25859962,kYVhVwA92Qsjj1JHhBWN,
7407725.0,-221.2956341123004,50,euros,2024-02-02 19:37:02.028645,4674023,yGGiUwKgZTo6K9pyFtJp,
,508.9461091061567,400,euros,2024-03-02 20:25:04.561230,905158,,
,1862.9020471460733,400,euros,2024-02-19 12:43:03.561230,20218637,,
2887690.0,-1322.327514547466,50,euros,2024-02-26 23:50:17.028645,9835705,iG2rk1EMjIzZBnrzY699,
8912558.0,-2009.938624853992,50,euros,2024-03-10 13:36:58.028645,19750796,TBcv08QAnc8vH6kryVnR,
9907498.0,2469.8603338120565,50,euros,2024-01-26 19:18:10.028645,13125850,3xyPgD3kSPohnIbC5FI9,
,950.3399316022096,400,euros,2024-02-10 10:46:49.561230,15375627,,
12897935.0,769.5625951298198,50,euros,2024-02-29 00:58:01.028645,22337680,gJkODozrXOEJH4CMHXdo,
,1091.787325724753,400,euros,2023-12-21 15:08:07.561230,9920745,,
12436219.0,1532.2560839886814,50,euros,2024-02-28 02:57:20.028645,5399607,DevuWJ5ehi7mCsnPfEgs,
11446842.0,-1453.9146933745055,50,euros,2024-02-14 12:23:48.028645,2263800,m6NC6b3fyrhLk9AjsV8O,
,2537.934140928017,400,euros,2024-03-01 09:18:26.561230,10502320,,
,9.330170912896392,400,euros,2024-03-11 01:44:00.561230,25502605,,
8896251.0,-2015.5831198866524,50,euros,2024-02-21 22:11:35.028645,14776193,wkadnlM7jCkt55lmAPds,
,-135.8622750624395,400,euros,2024-02-18 17:54:53.561230,4203044,,
1973761.0,-1107.8707980066108,50,euros,2024-03-06 03:56:12.028645,17342007,4WqqRNioI3JKIvGR5UsQ,
,751.7615669518623,400,euros,2024-04-27 07:45:55.561230,14723168,,
6877380.0,65.5132784694606,50,euros,2024-02-28 09:10:30.028645,7807669,gXDTUvXl50jlv36jizae,
5285845.0,-1011.8730453237732,50,euros,2024-02-26 04:37:23.028645,14874984,lt2v8T0CHYH6T3E6WE0v,
,34.52533179336069,400,euros,2024-06-11 12:04:45.561230,24184239,,
,-1212.54459462002,400,euros,2024-04-05 01:22:25.561230,10274500,,
,1828.9805531380343,400,euros,2024-03-26 12:11:31.561230,26593745,,
9062348.0,-838.4429915989488,50,euros,2024-02-28 13:45:33.028645,16905594,ysDjkqaRkkw2qY0Stxls,
,-1777.361414223608,400,euros,2024-01-28 22:22:07.561230,27418227,,
,2452.895493332104,400,euros,2024-04-13 21:52:08.561230,28470235,,
15173522.0,-78.41823695898893,50,euros,2024-03-06 17:20:44.028645,84988265,BD2AQxyTMiSu5XvMJGwG,
,-765.1574864962718,400,euros,2024-04-16 00:26:21.561230,9314883,,
,-2205.049786784717,400,euros,2024-01-18 03:01:48.561230,22570834,,
13254450.0,-1539.3741948919806,50,euros,2024-01-31 23:00:33.028645,12832296,6yWXCvZGEzWDhRmvcvgM,
,1545.0213809463312,400,euros,2024-02-18 20:46:52.561230,26514673,,
6650413.0,2372.5193281547763,50,euros,2024-03-09 11:50:19.028645,29015574,lAOQ6kCEZMvuyXISyx9g,
,328.215442393835,400,euros,2024-05-18 10:35:28.561230,15491216,,
,-1777.653853691616,400,euros,2024-04-12 17:53:36.561230,7907372,,
13078983.0,573.9600209099854,50,euros,2024-02-04 22:59:27.028645,16817445,O8tUKqAhUv6RXFgk5uPt,
,2886.79351034826,400,euros,2024-03-24 03:55:09.561230,13771658,,
9930440.0,-2043.443563813369,50,euros,2024-03-12 19:48:08.028645,20464857,7OHLEyXL0fcYf1KUV7Y2,
,-2368.132635712398,400,euros,2024-02-18 12:02:17.561230,18336961,,
,39.85868174450116,400,euros,2024-04-20 17:52:05.561230,18041414,,
4514984.0,-2149.005287853737,50,euros,2024-01-23 22:11:06.028645,12526909,FHOLKyl14Jdo3A3QOt7C,
,-1776.0897044660558,400,euros,2023-12-23 19:55:34.561230,17141691,,
13615508.0,2664.013302931976,50,euros,2024-02-23 21:49:45.028645,15026906,vYa3Khe15eUw4qhIbSZh,
,305.568262126601,400,euros,2024-02-17 12:15:44.561230,13600430,,
8798097.0,-510.3084146472479,50,euros,2024-02-05 19:31:00.028645,10310009,47jnBdgc1PeLAJV58hBA,
6066675.0,-907.9527463282571,50,euros,2024-01-31 11:46:35.028645,24610946,nurj5pNfGSlxfZMLVBKH,
,1070.6602220959471,400,euros,2024-01-08 05:47:29.561230,21029339,,
,-1090.7318405014923,400,euros,2023-12-18 00:08:32.561230,3769188,,
,1236.2732549623724,400,euros,2024-04-05 06:16:12.561230,14254736,,
,-1118.85934553416,400,euros,2024-02-12 22:04:41.561230,13356574,,
11306118.0,-875.738229803934,50,euros,2024-02-15 21:15:53.028645,10479014,w6XJW8EcKSTw1XGVGQWh,
1683640.0,-1930.8978106226757,50,euros,2024-01-16 18:37:44.028645,20686816,9uPDSm0zb23wYmb0rZV2,
,-1682.995326798118,400,euros,2024-02-20 20:00:42.561230,20406720,,
,-320.6745215929009,400,euros,2023-12-26 02:23:04.561230,13103189,,
,2060.436478071967,400,euros,2024-02-23 18:17:45.561230,24426187,,
8916900.0,-678.2469397126699,50,euros,2024-03-10 14:31:04.028645,18317607,1hBlhrUsnzOeuW0omUcR,
13112788.0,2432.56359884191,50,euros,2024-03-11 02:47:48.028645,25259281,MUfRDKExLmDW6jlT95wi,
,-823.5241012072747,400,euros,2024-05-02 12:16:09.561230,20834370,,
,1061.5481148408317,400,euros,2024-05-21 20:12:54.561230,2501282,,
,-290.2846608203331,400,euros,2024-04-28 00:07:12.561230,4015086,,
822618.0,-2383.727558721338,50,euros,2024-02-08 04:46:01.028645,13457366,fc3PqwfMRg8Ee5gsAvyP,
15178098.0,-2395.9845868150096,50,euros,2024-02-22 07:43:26.028645,56192114,94owR57o6r1qKuDqT4f6,
13593448.0,720.1323477536434,50,euros,2024-01-30 17:22:59.028645,29182482,1U2Y9lVfyvIxM1jAbahW,
5898577.0,-752.8555240086816,50,euros,2024-01-27 16:12:37.028645,24980329,UMoAE8EiuCFIKvGQ0NJ7,
,970.1007253818508,400,euros,2024-01-09 02:22:25.561230,21681270,,
6780258.0,2604.1130501885864,50,euros,2024-02-11 11:34:04.028645,8905269,Os1ms1etEp8jRx0NkvEe,
2246962.0,-1294.914823187477,50,euros,2024-01-24 00:37:14.028645,6816142,OSlWUV7n1UagvFCzwthI,
,-67.59386343994493,400,euros,2024-05-07 00:33:53.561230,2984393,,
9989687.0,407.38052365312296,50,euros,2024-02-19 10:03:44.028645,17743071,1z9c4r3DXmXRixL5D8s6,
,-342.54912430258173,400,euros,2024-04-19 17:41:43.561230,9585124,,
,-2360.385305382953,400,euros,2024-06-08 23:02:43.561230,12643536,,
7244391.0,-333.837412150398,50,euros,2024-02-04 02:52:13.028645,29951164,1VBGbOjgKmDOZv91H12p,
,-1971.279659050475,400,euros,2024-04-21 21:18:24.561230,19837000,,
,-807.6130700769763,400,euros,2024-02-02 07:37:27.561230,782874,,
,-649.5409337021556,400,euros,2024-03-06 05:18:06.561230,16780008,,
12548607.0,2442.9330356400424,50,euros,2024-01-21 21:45:35.028645,2597255,LJDKlxot7xVA9ICRhTCV,
3426682.0,-357.4867618942426,50,euros,2024-02-17 11:28:43.028645,3251959,DKPPVHepsyu2vDsahauc,
2737295.0,1720.7861423690674,50,euros,2024-03-08 18:53:16.028645,29648264,dQZdqDdAzf5VuLCWUzyE,
5447471.0,-1504.1090123856843,50,euros,2024-02-23 02:44:20.028645,4022224,gQqA2efc05FEfXh8Suh1,
,547.3548792225647,400,euros,2024-03-27 00:52:39.561230,15622923,,
7203264.0,-500.36053354514615,50,euros,2024-01-21 21:29:17.028645,14788355,Jy4h2obr3wtnysl5IKrl,
7478119.0,-1454.8232341166174,50,euros,2024-02-25 22:42:09.028645,7853674,Ky3M73byHVLvKqkgAmKq,
2982850.0,-518.8206212905786,50,euros,2024-02-07 13:12:35.028645,16420444,n2OzroodzU3fZu3x7PLy,
1803008.0,613.7764662412515,50,euros,2024-02-02 16:47:48.028645,24141431,dwmOCphBVrTrmLVfoX4W,
13754287.0,2684.206660080951,50,euros,2024-03-02 06:58:46.028645,15150236,htvPrzAVI1iNwkM4oF90,
,2181.054425324537,400,euros,2024-02-02 05:20:46.561230,5301942,,
,-1993.0697134638217,400,euros,2024-03-09 18:02:26.561230,27012993,,
,-1478.6739023046496,400,euros,2024-03-19 10:48:00.561230,1131436,,
5844048.0,-1040.7181978512854,50,euros,2024-02-08 12:19:50.028645,29358347,gPHNa9oyGJSLP8ZWtLxY,
13926075.0,1331.2266243656711,50,euros,2024-01-19 13:46:51.028645,4362295,UOh4dh3pi47WAmF9BjQm,
,-1747.366965673841,400,euros,2024-04-05 02:13:50.561230,20793414,,
13551369.0,1898.9693772380635,50,euros,2024-01-17 15:34:49.028645,25673830,SHCLX0jnfEThRyEdITFz,
,943.571006171206,400,euros,2024-04-15 00:01:57.561230,87892028,,
,-2077.607591639353,400,euros,2024-02-04 20:26:00.561230,14579615,,
,2899.7932226349058,400,euros,2024-06-04 09:56:22.561230,6995025,,
,-712.9866385163245,400,euros,2024-05-30 12:30:12.561230,13653096,,
,-564.5575826893032,400,euros,2024-01-10 20:33:34.561230,5218874,,
1369987.0,-853.5991565903462,50,euros,2024-02-10 15:45:09.028645,3669781,e0R5UIcEyQLQ71eDjJNM,
1865813.0,-231.92077229149527,50,euros,2024-01-22 11:21:57.028645,28622297,8WUDXYHEioaME6waiHHi,
3330923.0,338.02273795038354,50,euros,2024-01-18 06:28:59.028645,20418403,EaThEJ7r096SAxFsvncM,
,-48.01245278955412,400,euros,2024-02-23 12:25:45.561230,27176229,,
,2943.471811689928,400,euros,2024-02-14 12:11:39.561230,86677368,,
,871.5893442162419,400,euros,2024-05-25 13:46:27.561230,90724088,,
,-452.641003934486,400,euros,2024-03-19 03:21:05.561230,9738854,,
1897564.0,-2218.1079583428445,50,euros,2024-02-21 22:11:06.028645,14202179,QYT6kq9wqRy7Wtjftity,
4241924.0,1563.2872854159132,50,euros,2024-03-09 10:10:45.028645,4424495,LpE7nWHnRBZhvOpBv3CZ,
,1982.144002417007,400,euros,2024-06-11 12:22:55.561230,28278890,,
9136362.0,251.1962999864777,50,euros,2024-01-25 09:14:19.028645,25919278,xrSTdzsyxIpLWdWt2O5R,
13006761.0,-2129.18412137441,50,euros,2024-02-04 20:10:05.028645,6163369,xELvTBmJS7lcDA59f7Ui,
,393.0652253707394,400,euros,2024-06-01 22:34:12.561230,28610633,,
14707982.0,-2419.2932106327457,50,euros,2024-02-17 05:56:43.028645,82554978,569ZoCN3mnfa2QqER8nB,
,-311.5918764742137,400,euros,2024-04-20 22:32:35.561230,12070661,,
10738613.0,2616.5423961684064,50,euros,2024-02-05 05:38:22.028645,22047472,7mjDXbcLNHBNpx5wGsZe,
,962.980920666212,400,euros,2024-01-12 12:10:54.561230,23250134,,
13982296.0,2965.8400350845823,50,euros,2024-02-18 07:18:01.028645,19696356,WvceXYg16JbcU2uDxxa1,
4369940.0,-912.9162599843136,50,euros,2024-01-17 14:31:33.028645,3177072,gsr24hM4eoXyRIBAlslA,
,478.8451365897104,400,euros,2023-12-22 01:15:49.561230,27824483,,
574249.0,1460.8322002332138,50,euros,2024-03-07 04:19:45.028645,1765109,3OQHTbWPCF0NhA2hLBfw,
,-1886.880734116372,400,euros,2024-02-22 21:56:57.561230,25563728,,
,1853.7651098992028,400,euros,2024-01-08 04:53:03.561230,18765361,,
,2958.6308559715308,400,euros,2024-04-30 03:06:54.561230,9823418,,
11940670.0,2396.1564296260094,50,euros,2024-02-26 04:35:48.028645,7636632,RPNsaRbQ5zOSalMJtNxq,
,-1163.4706405719603,400,euros,2024-03-07 18:37:38.561230,2034069,,
,2010.7667983557797,400,euros,2023-12-18 03:55:04.561230,24145733,,
6709136.0,1039.9142611149814,50,euros,2024-02-15 01:34:22.028645,12067125,OZbRpRP3d4xk5vaYz0VX,
5373707.0,1537.5234675235745,50,euros,2024-02-10 21:56:45.028645,28632685,Oj4SJde6zdBP3mbPganL,
,-815.8569771998802,400,euros,2024-01-13 17:48:19.561230,26235793,,
12058487.0,-1379.0121482354089,50,euros,2024-02-27 09:58:31.028645,23579820,2iWIa7H0IDtKDe1oudQT,
9660021.0,-470.1280248063576,50,euros,2024-01-26 13:50:20.028645,3990404,EDt82Z2oRhglQYr3H2XH,
,-1891.310622368383,400,euros,2024-01-08 20:03:54.561230,18563780,,
,873.499205949789,400,euros,2024-01-10 20:02:01.561230,18610612,,
4508200.0,-2022.101673291787,50,euros,2024-03-04 11:15:06.028645,7960767,UHGU89QloiX38SAJDKrY,
,-2241.561126609174,400,euros,2024-01-08 02:09:43.561230,13401641,,
4761972.0,-2188.786327810695,50,euros,2024-01-30 14:05:26.028645,2893331,qIJEgs3p0p5cju7WU63Y,
,-2314.4611367322063,400,euros,2024-05-05 20:46:27.561230,19073124,,
,-2366.2757223223066,400,euros,2023-12-29 19:25:53.561230,27354968,,
2165377.0,906.0935705823516,50,euros,2024-01-30 12:03:50.028645,18456230,KBfxWnxAhlFuoTSAlSTT,
2700615.0,-482.087836755491,50,euros,2024-03-07 11:31:44.028645,26816555,0mKL3BsRbSDYWBAJdm4f,
401638.0,156.53720360144823,50,euros,2024-03-10 16:05:46.028645,11205782,AT372PQKuYcTNIRkICW3,
,-1006.962534721155,400,euros,2024-04-03 00:24:21.561230,22875913,,
668778.0,-481.72757052617226,50,euros,2024-02-10 22:24:06.028645,7706193,QexRlnsMOqijZFBTTp67,
14200535.0,1433.960854007491,50,euros,2024-01-26 02:45:31.028645,9159508,WyS3AYm6NAgatCaBOr03,
10588741.0,2440.0179177643595,50,euros,2024-02-28 05:19:22.028645,329929,6Q39BE9lvbPTCPeVcjm5,
,-692.1932642849674,400,euros,2024-05-23 14:02:55.561230,8027943,,
7004375.0,2425.152838141411,50,euros,2024-03-06 18:13:23.028645,13224681,ZqptXeG3rZgOl4WsmzLA,
13482790.0,-457.666111830376,50,euros,2024-02-03 18:47:30.028645,422591,VxRvJcsvkuzLDGDkEenf,
3620377.0,1775.595243045168,50,euros,2024-03-05 14:52:10.028645,13483696,0FnZ3IqfiS4rkOWWejfS,
,1318.01260284811,400,euros,2024-03-03 18:25:43.561230,20375812,,
13136335.0,920.5688466038814,50,euros,2024-03-07 18:05:15.028645,22697843,9oUtsCfZqlU01l62RNxT,
,-1492.3525142005496,400,euros,2024-03-08 17:37:13.561230,14237253,,
,-807.2110171799602,400,euros,2024-04-03 09:12:52.561230,2261813,,
665979.0,-1039.2254812768354,50,euros,2024-02-24 19:31:46.028645,8710073,ceTZ5AM9rMNIqxsLW63K,
,437.18697109294135,400,euros,2024-05-01 06:57:00.561230,3273274,,
,61.91930598923136,400,euros,2024-02-17 07:00:32.561230,30318986,,
6498674.0,-2449.594493871468,50,euros,2024-02-02 18:19:28.028645,23368356,SPfw1TOukZxpb4vPok1R,
10936851.0,2133.1956726687104,50,euros,2024-01-31 01:24:41.028645,1248464,1zipOFV9pBSjCxdHeGx0,
,1503.1483128245618,400,euros,2024-02-14 08:39:57.561230,15022437,,
5711749.0,-1881.191385495374,50,euros,2024-02-15 02:16:07.028645,20884686,E9XM1wJMPPtja9C710iv,
