9871930.0,2691.7125262087766,50,euros,2024-03-08 11:12:50.028645,4365116,jmdZ7WRx5oXdSptET4vK,
,-1883.505164179674,400,euros,2024-03-28 07:33:57.561230,7630326,,
1359312.0,2980.447989410924,50,euros,2024-03-04 00:02:00.028645,6709683,UdS8RtHPttjvf9cKMMAI,
,-272.99247481575685,400,euros,2024-05-05 22:25:57.561230,19594034,,
8477276.0,865.0142675286334,50,euros,2024-03-03 10:33:40.028645,847002,SthnulvjWvS7KUhcbtl2,
,1071.4783377620297,400,euros,2024-05-10 23:50:56.561230,5966535,,
,-730.2896742375531,400,euros,2023-12-29 18:09:18.561230,18067423,,
,-1785.1724000853606,400,euros,2024-05-30 17:34:13.561230,2853074,,
6192827.0,-743.2148459834648,50,euros,2024-01-31 18:53:10.028645,6713796,VWiIC4MJiBxdeIX2sjh4,
8685021.0,2045.0078812643733,50,euros,2024-03-05 16:56:34.028645,25806255,9gEIrmEmiw6rumgF1DZV,
,-1033.788180368766,400,euros,2024-01-19 18:30:14.561230,78111318,,
,-55.60410018712764,400,euros,2024-01-13 02:29:43.561230,20666510,,
,-2192.0614146739586,400,euros,2024-04-01 20:27:58.561230,6509895,,
13892123.0,2960.104913546189,50,euros,2024-02-19 21:54:57.028645,15977771,OUYhXratRu3OBepPMpWk,
,1129.2877194289526,400,euros,2024-04-29 16:19:12.561230,15016502,,
,-1879.6482790577843,400,euros,2024-03-17 02:09:23.561230,4274042,,
,2434.0160004362488,400,euros,2024-01-09 06:31:15.561230,3430461,,
,2676.8943621430226,400,euros,2024-05-30 13:12:15.561230,14815079,,
,-730.6535112737683,400,euros,2024-01-26 16:27:57.561230,12435124,,
6152.0,-2281.268131198381,50,euros,2024-01-21 17:32:24.028645,1742117,fUVtihT9uACl5PSQ1yoE,
1641781.0,-2424.4760756813653,50,euros,2024-03-10 17:18:19.028645,6616033,1tp7GpGgMaofBmjXJtAX,
,-812.1178098751261,400,euros,2024-05-30 05:43:58.561230,23962966,,
1302930.0,2981.026209896274,50,euros,2024-02-16 17:44:12.028645,15129020,TkTipAsOLmBHp1pefniV,
,-2187.019969431696,400,euros,2024-01-16 07:34:50.561230,5166267,,
5063748.0,2453.548550954314,50,euros,2024-02-02 10:52:34.028645,24431654,Jx0H5UJJPI5Vdaf77OLW,
3085348.0,2900.9671985501063,50,euros,2024-02-06 21:46:23.028645,25628495,7W8KSNtq9PyR1HpK56kV,
6721893.0,-1963.8549022821328,50,euros,2024-02-29 19:42:19.028645,6664839,MF5E3bMtY9zwaYGRhtXh,
9242579.0,-237.05507790501636,50,euros,2024-03-09 00:29:56.028645,27405228,LJGLtYFJhMNzbWB3JhEF,
8373888.0,-631.3402397260752,50,euros,2024-02-17 13:35:43.028645,27013245,FRe0qs5fPTihUoQzZZC0,
,-1124.189481000638,400,euros,2024-02-28 19:25:20.561230,8899733,,
,195.17649978836695,400,euros,2024-03-14 13:57:01.561230,17401314,,
816089.0,-2206.8606063390453,50,euros,2024-02-26 11:54:51.028645,15790846,xYFRJWIH1ECcemCKfgOd,
13733984.0,-2471.406310797667,50,euros,2024-02-12 08:32:15.028645,26001355,66WtF1Zgqv7U0SdPEVkd,
4204148.0,1910.4694364124707,50,euros,2024-01-17 10:57:59.028645,29199670,1PEjWn0UFU7q7KyU6P2s,
,-2022.5106616872824,400,euros,2024-02-19 11:02:56.561230,2636230,,
,-1474.0960182806284,400,euros,2024-02-04 12:36:34.561230,19148573,,
4900206.0,763.2346542386767,50,euros,2024-02-05 13:54:01.028645,6681822,nUKro90gZhF6ziqYFnuW,
,18.76699241533061,400,euros,2024-01-10 02:31:58.561230,19464970,,
3364481.0,2408.809472015122,50,euros,2024-02-18 10:39:40.028645,4819889,TeWR0uPknHZ5ENfIx93z,
,2266.069392654152,400,euros,2024-02-19 03:24:42.561230,7289152,,
,-1966.662984063644,400,euros,2024-06-09 20:15:47.561230,6037417,,
,2054.201723271184,400,euros,2024-05-19 07:17:53.561230,28680634,,
,473.8600618520354,400,euros,2024-04-10 23:22:55.561230,28625508,,
5295996.0,-2005.7378138727768,50,euros,2024-03-03 18:43:13.028645,21390756,rikxSZDdiB0AByzAQvwo,
,-734.0865085122059,400,euros,2024-06-06 21:53:01.561230,24521183,,
,-886.95197636138,400,euros,2024-03-20 04:53:34.561230,21702818,,
9842471.0,136.63332266788757,50,euros,2024-03-03 14:16:30.028645,25593854,uiMEUxDMST9Lswh2mWmw,
6273437.0,1875.3686085077352,50,euros,2024-02-26 08:12:23.028645,13728057,FKNIl1dbtSbBabnuFwUv,
,-914.2759603934863,400,euros,2024-04-24 10:04:52.561230,4670687,,
11145110.0,34.877349351454995,50,euros,2024-02-26 08:31:50.028645,6466263,WnFjTQC05r9g1tKioxXo,
4224582.0,-2252.1435968791197,50,euros,2024-01-16 06:48:37.028645,16957014,Ic1iXzTURtDBHrrkyvgp,
,2152.2799339300773,400,euros,2024-01-27 04:59:18.561230,3826052,,
,1971.5781849576497,400,euros,2023-12-27 21:51:27.561230,6507859,,
14192352.0,-940.6134795820376,50,euros,2024-03-12 15:00:44.028645,16882101,1Q4zOWC9nc0jLOeW6qZ2,
9407294.0,-1136.2008901041486,50,euros,2024-03-03 04:39:29.028645,20194292,5sk89T0c6cQwYD3d3GkG,
,20.11508820496329,400,euros,2024-03-27 22:33:42.561230,18281220,,
,-851.2508104848039,400,euros,2024-01-10 17:01:39.561230,12874408,,
3756085.0,1198.3228002832277,50,euros,2024-03-07 17:46:54.028645,15166911,QyeDmwvEyJJxG4FMatBW,
,-158.86689702189778,400,euros,2023-12-26 04:37:29.561230,13363573,,
,112.0634423279007,400,euros,2024-05-17 08:02:27.561230,6808127,,
7280667.0,-1154.7269009201966,50,euros,2024-02-01 09:36:29.028645,24589685,cSpcVSB6wO0tiUIUZNha,
,-711.9117561732351,400,euros,2024-01-28 23:42:37.561230,1583964,,
,2983.620960583442,400,euros,2024-01-29 20:45:35.561230,27651805,,
6407270.0,-26.934565350117737,50,euros,2024-02-24 18:39:21.028645,21813844,5w7PUd69I2qSaiqaHSIH,
14798162.0,-284.6229676227449,50,euros,2024-02-01 12:56:43.028645,21884080,8hdq3MHkw6QUkn2SiHxh,
,-1587.5532653703517,400,euros,2024-06-03 02:46:49.561230,7421555,,
14329816.0,195.8015721581337,50,euros,2024-02-10 15:03:10.028645,180579,lztMGlJbvxSAtMmBTrGo,
8370752.0,2686.922798621362,50,euros,2024-03-11 08:38:39.028645,12759970,SpDe3s1BPhepXX9Bksu2,
,2039.7571245643603,400,euros,2024-04-26 20:06:16.561230,15796095,,
5971231.0,706.0558110066249,50,euros,2024-02-09 10:22:21.028645,2290201,bC3x5roPNQQBzk2Y66yi,
3997378.0,-2044.9086415950185,50,euros,2024-02-13 01:26:21.028645,28314437,WBne2iRnRMiKqEoz61YT,
,1892.7373168997483,400,euros,2024-06-09 04:09:43.561230,23433637,,
14428551.0,-825.0022007622472,50,euros,2024-03-08 03:45:01.028645,2101649,Cy5163YptsuO1S4CXqIU,
7957453.0,2724.613324504394,50,euros,2024-01-24 23:29:47.028645,1547180,xTvxjJXtccRiOTmHUoHy,
1197940.0,-1233.4427390020408,50,euros,2024-01-19 08:41:05.028645,29175870,trn3cArlk2vJELO15RyS,
10821409.0,-672.5422247842048,50,euros,2024-02-26 09:23:59.028645,19299804,zNjd3e10rnF29X1lOmPg,
,1528.444282021443,400,euros,2024-03-28 23:49:29.561230,27927158,,
5800130.0,2210.1677643836847,50,euros,2024-02-07 23:48:47.028645,24238695,OH5zsYBIJWdcQY0ETU2x,
,1807.576526754232,400,euros,2024-05-06 15:44:02.561230,6045718,,
14915330.0,253.88062712750752,50,euros,2024-02-14 01:36:14.028645,27457981,vGSDYuTBIEEGGd2b753F,
439830.0,2527.5702358018016,50,euros,2024-03-05 09:10:32.028645,27594809,rKfczMSmeZ5Fbq4APLX2,
,2317.7856394275022,400,euros,2023-12-22 02:10:46.561230,7209763,,
13562068.0,1686.0481093581884,50,euros,2024-03-06 12:37:27.028645,13796140,JtCQCYQkLZ1unOQ37Cti,
3493727.0,-390.12651496987337,50,euros,2024-03-02 13:43:33.028645,23700119,FjtaBfxPy3xui7QVobtf,
5084603.0,2811.17285349348,50,euros,2024-02-12 21:32:28.028645,19295183,L7CCbijJ2K6tCeMaSbvY,
,-2279.679429154825,400,euros,2023-12-25 06:38:38.561230,26612426,,
,-1224.8477902445834,400,euros,2024-05-13 10:26:20.561230,22255640,,
,557.9121458823292,400,euros,2024-03-13 00:17:30.561230,13546850,,
,-30.08724593526404,400,euros,2023-12-20 18:21:49.561230,707246,,
,1430.273988266616,400,euros,2024-01-10 00:06:55.561230,26291599,,
1266084.0,2674.7772521770503,50,euros,2024-03-02 23:03:49.028645,27470063,KsGAr9M89UqQEsHNMv62,
,442.3498123101258,400,euros,2024-05-02 17:03:37.561230,19926694,,
11056398.0,-572.7987102464267,50,euros,2024-02-02 15:30:26.028645,27466085,CsUwWIOnnoSOSZ6ER6kX,
,-1488.968631071655,400,euros,2024-04-14 08:43:53.561230,23480709,,
,-1484.4042500699838,400,euros,2023-12-22 01:24:44.561230,22386241,,
,2959.009049728991,400,euros,2024-05-22 02:03:19.561230,13452083,,
7780429.0,-1619.5326049848627,50,euros,2024-01-22 21:15:14.028645,6712807,MHcfKbpwQdNsdLO4J4e7,
,-1634.680571793249,400,euros,2024-05-23 23:17:40.561230,11307560,,
,-2483.8765223556384,400,euros,2024-04-18 21:12:10.561230,5181161,,
4309559.0,2904.6779883666723,50,euros,2024-02-28 19:14:38.028645,6383344,SFnqSMQWsQpaidvhJP2v,
6286667.0,-1034.4233688264674,50,euros,2024-01-31 21:40:22.028645,12149222,AwaopDXJgc4OXFnW5Zty,
,-1244.9342434154792,400,euros,2024-01-12 09:41:32.561230,18690353,,
,438.1155346350629,400,euros,2023-12-22 20:38:02.561230,16061204,,
,411.07876216172144,400,euros,2024-03-24 18:55:55.561230,5810985,,
,-2273.8717173144432,400,euros,2024-01-17 02:17:06.561230,17045508,,
,2821.199336421485,400,euros,2024-06-01 13:04:51.561230,12928498,,
,2521.1946503288927,400,euros,2024-02-09 04:53:43.561230,20478133,,
8446469.0,-2391.2213181256966,50,euros,2024-01-17 13:58:33.028645,8098334,9Hmy9QTSNMCgmOnTQtCS,
2816750.0,-1195.0093536167858,50,euros,2024-02-19 00:07:34.028645,23886304,pyhGnsOe2RbFWMZLsfPo,
11536519.0,593.2367751991014,50,euros,2024-01-14 09:26:41.028645,29481405,CgF7vIatTwxUTCJ3MwWK,
,-82.33751682095772,400,euros,2024-01-14 04:01:10.561230,4970660,,
5339356.0,-1513.1998364561434,50,euros,2024-02-25 10:37:10.028645,6563411,nb2dN4TuikaIDLD5HZ0c,
,2467.1591751672213,400,euros,2024-04-02 05:14:59.561230,27416648,,
5005295.0,-730.5313981839759,50,euros,2024-02-12 12:23:40.028645,6598660,NIuJaZn7I9PKh3OWO4i5,
8333107.0,-2552.418658024502,50,euros,2024-01-26 11:55:49.028645,22783684,4nfbfcCcilv1VPaxeyih,
4296483.0,181.22105296439167,50,euros,2024-01-14 08:08:12.028645,19323505,hCYO9dP6Qe7b5nXf65QE,
6133313.0,-786.1092310545394,50,euros,2024-02-20 13:09:23.028645,8604384,1s9kmUxltjkgUWpAaH6u,
,-2237.887959651794,400,euros,2024-04-15 12:26:03.561230,1269441,,
,-569.0654059971955,400,euros,2024-05-23 16:41:51.561230,28914584,,
4540264.0,2806.0676544322914,50,euros,2024-02-26 22:45:30.028645,9942163,ql0Sy2jEFLVvMKG8rf1G,
6817553.0,-376.5499842019653,50,euros,2024-01-26 07:30:24.028645,11101410,BdyVUcq8MxwzTJPjC2sl,
3753085.0,154.21169561767738,50,euros,2024-02-06 02:10:53.028645,20066326,crMbFgKv9BcT69922Td8,
,-1495.3563808640258,400,euros,2024-04-27 14:16:17.561230,23137319,,
,1860.7906470174607,400,euros,2024-05-21 21:39:39.561230,23175941,,
,-2213.244842495802,400,euros,2024-01-29 18:01:11.561230,40783733,,
14031835.0,-674.9371050175223,50,euros,2024-02-12 22:00:04.028645,24327812,cMJ4DI02ll8sKKqUAjTK,
,-1213.1231767634276,400,euros,2024-03-15 01:33:48.561230,4875430,,
,-1435.0587300974937,400,euros,2024-04-10 06:29:53.561230,3812357,,
,-1148.3760133580784,400,euros,2023-12-15 22:51:14.561230,16184193,,
,-984.5645297777688,400,euros,2024-05-06 23:05:47.561230,14606685,,
,-519.3087290618123,400,euros,2024-03-02 20:25:45.561230,15307837,,
8245029.0,-803.6427311566028,50,euros,2024-02-22 04:24:07.028645,8432340,SGK43ABrk0JhJLEC2dfR,
,2522.2808696344464,400,euros,2024-02-27 06:54:49.561230,16345304,,
,959.076790361873,400,euros,2024-05-09 10:57:59.561230,28504547,,
14510386.0,742.08966939638,50,euros,2024-02-01 11:52:07.028645,28792066,AL6Yha95a0nkp7ZuIbGn,
,68.88495280797406,400,euros,2024-05-30 15:11:43.561230,20999926,,
,-1187.6125662822485,400,euros,2024-01-19 09:27:26.561230,16007351,,
3751197.0,1619.3281077353176,50,euros,2024-02-08 18:23:13.028645,359375,KFMwFSXyyf4fnngw8xyx,
,1852.731758696411,400,euros,2024-02-18 13:29:40.561230,16743293,,
,-903.6173049033443,400,euros,2023-12-22 03:30:12.561230,21011282,,
561663.0,768.5759806817846,50,euros,2024-01-30 07:56:23.028645,10417960,Xj0zZlkK7Pzk5YEue3jB,
702867.0,1755.032169998718,50,euros,2024-01-13 14:12:50.028645,3923711,RZXYqAJaahXGbLytfx1U,
11198426.0,-2413.091324937924,50,euros,2024-02-22 12:22:45.028645,2858840,X3gPhyvWI3Jgppp7YalA,
3932711.0,1334.9061823836578,50,euros,2024-02-01 03:33:12.028645,15049234,61yB4RrZ31DRn0nI02Ul,
4581194.0,1180.8306702193377,50,euros,2024-02-16 04:18:11.028645,28818704,VtsDgik2fT4HAjbP3n1M,
9987029.0,2352.0743550030493,50,euros,2024-03-06 16:22:29.028645,14266695,7J1WvBPpXkE2fGSaidd2,
10049021.0,1248.8970736401857,50,euros,2024-02-02 21:10:38.028645,11855291,F1VS0vYek8nwbiU8AQmU,
,-2311.1968032381656,400,euros,2024-02-27 06:16:03.561230,19116368,,
1746872.0,-1624.1600513239118,50,euros,2024-02-18 11:15:52.028645,5305030,0x521fk5wG64y3b3JfVb,
5265455.0,-2163.580038615297,50,euros,2024-01-17 15:51:25.028645,12276410,nctCKmKiM5M5gftusTR1,
3106213.0,2588.5618072288635,50,euros,2024-02-04 12:29:39.028645,23576747,mQ2QrzPpoRfRynME109M,
5311400.0,-881.937150864323,50,euros,2024-02-26 04:59:33.028645,16675745,Ut3VAD2m6ijMV6UbSkHz,
2989098.0,1934.8923388400556,50,euros,2024-01-18 02:56:03.028645,11891149,aR8KUw0szj096yPpOHCv,
5658582.0,-1458.4317914897592,50,euros,2024-01-28 16:08:23.028645,151516,T6GqzQYiTKsQDi9kQahl,
5562237.0,-1056.6866569600447,50,euros,2024-03-05 20:16:32.028645,24527899,weJ6LuvhFGnf8aw5cEgJ,
4749095.0,2247.05400341706,50,euros,2024-02-23 04:58:02.028645,3428416,tYqFG2oy4aHCyvdqPZqz,
,-1272.4467297800918,400,euros,2024-01-05 06:06:03.561230,5200426,,
14649702.0,-2174.370068570136,50,euros,2024-03-11 22:53:30.028645,41037569,DZOMpieEtK49GlFcrDaW,
,2797.637867297025,400,euros,2024-04-01 10:29:39.561230,26425176,,
,2194.425797422725,400,euros,2024-06-07 23:59:14.561230,4869788,,
14183648.0,1167.6110392550154,50,euros,2024-01-22 21:43:47.028645,29515712,5qm3qt8YPnS3LxntroiF,
,-1741.4237451769254,400,euros,2024-02-14 16:08:02.561230,4015899,,
,2607.1242631690884,400,euros,2023-12-30 18:47:35.561230,6855738,,
9388116.0,521.5108992330297,50,euros,2024-01-26 07:04:26.028645,11922463,lu2v8atnvzmOwlVU0Rkg,
13618962.0,-1950.1207239751373,50,euros,2024-01-24 23:14:52.028645,11423384,ZwgEhYId3wP4ZYrOdJkT,
,2664.424155994485,400,euros,2024-01-12 02:02:40.561230,13893768,,
6592997.0,-1923.375410879546,50,euros,2024-02-16 11:36:51.028645,801260,qe8GYUJgczODjO6qEylr,
1351195.0,2715.602853133011,50,euros,2024-01-18 07:33:55.028645,1516614,CbGbl4w62wM26PRW9u6y,
,1245.4980747657382,400,euros,2024-06-11 01:23:21.561230,17989229,,
10657699.0,-1857.8481337226824,50,euros,2024-01-15 07:01:39.028645,28482781,ss4XVzBqNm8fnoTolywb,
,-753.3633920876437,400,euros,2024-04-08 20:06:33.561230,12667160,,
12702232.0,-89.08470822754634,50,euros,2024-02-02 09:00:51.028645,18768631,UeA7DL5gddm8sJi4Cf5F,
,1081.9221932075643,400,euros,2023-12-28 19:35:07.561230,20358148,,
2520181.0,-499.6683761441045,50,euros,2024-01-17 16:58:57.028645,5314840,Y9tsZRMMVlKiILghX1Ia,
7832812.0,-1870.8087008840075,50,euros,2024-03-04 18:46:34.028645,20372864,hMy6BmEsCqRHmG0nhnMm,
5825738.0,-1025.1561112316388,50,euros,2024-02-14 12:15:40.028645,12209596,NfXH4Z8TrjUtgQqFJp40,
,1352.9280564114983,400,euros,2024-05-13 19:19:58.561230,23974335,,
12811603.0,-1061.808006673882,50,euros,2024-02-13 14:15:02.028645,9058158,hDRF8sR5rkzSbphK91tN,
,1598.1999580631473,400,euros,2024-04-18 17:24:11.561230,24709470,,
3483907.0,1952.8024433035043,50,euros,2024-02-10 07:41:06.028645,17866059,N8hVsPDjwj4g2VnkOErn,
,2844.778342286615,400,euros,2024-03-05 21:12:32.561230,9598938,,
,2309.354597589176,400,euros,2024-02-02 00:40:03.561230,12850642,,
10186342.0,-1671.9219151938942,50,euros,2024-02-06 11:24:47.028645,25474861,OytDYTiq4vMcvBCNceMM,
14450018.0,2862.68032824614,50,euros,2024-02-12 17:35:26.028645,47867456,hxcjLWARDpSmL1nizQ7Y,
5175842.0,-2051.0130313372247,50,euros,2024-02-18 17:12:57.028645,7814535,4SE3VVqvaLc11rjaVSPr,
7125877.0,-884.4387484255121,50,euros,2024-01-27 23:11:07.028645,2809330,BiLBDxerfVsnZvN2AyR5,
,1486.2193619640948,400,euros,2023-12-31 12:05:48.561230,4974858,,
10043864.0,-454.1890532590446,50,euros,2024-03-03 01:34:46.028645,14438380,Qxeropoo8RZ7uUlPkYX6,
,-1010.4376672511167,400,euros,2023-12-27 19:00:45.561230,13418981,,
10388657.0,2109.455131372182,50,euros,2024-02-20 08:08:05.028645,5140854,GSPiOIsDzugzNhTvC29X,
15001773.0,2134.0608752070293,50,euros,2024-03-02 02:32:44.028645,47213398,tp30myOEocX8kKCtFC90,
,-236.54948671401144,400,euros,2024-03-26 18:54:06.561230,5796960,,
9884558.0,1744.0653366832505,50,euros,2024-01-17 09:54:07.028645,13793423,Hn4crfPEioQmgwua1Rk7,tomillo aclamador escanzawk
6945486.0,554.6321842432253,50,euros,2024-03-01 02:56:19.028645,7017617,E4LbzEAaoDYg3CPvw4xG,
,-2382.486792007656,400,euros,2024-01-14 09:08:18.561230,17968983,,
,-535.8073452757058,400,euros,2024-01-15 07:19:47.561230,573357,,
9319191.0,1729.252710929839,50,euros,2024-01-29 21:11:14.028645,27528502,MdSeMfRUCRVHgN12pJG0,
,-2129.617123698604,400,euros,2023-12-31 21:20:27.561230,13330445,,
,1264.7613764043708,400,euros,2024-02-05 01:08:00.561230,21615089,,
14878967.0,2222.65264678364,50,euros,2024-02-22 09:06:41.028645,24609417,9Uem500SuL35wQCHtyN1,
2612397.0,134.7139358558129,50,euros,2024-02-10 01:03:15.028645,13701637,IBc0DWawTahSc4xqjYHU,
,-174.56808876595778,400,euros,2023-12-20 23:03:14.561230,25160967,,
,1354.693304580233,400,euros,2024-01-10 01:51:00.561230,27872799,,
3697577.0,1606.8384730990438,50,euros,2024-01-14 22:30:43.028645,4277747,3J8MfmKWEC7wmaZ7RFeY,
1794193.0,1526.824307461539,50,euros,2024-03-08 17:55:32.028645,5900049,imslsnWHE7uGYPB6AGW9,
10847815.0,77.0000142234112,50,euros,2024-02-13 22:11:13.028645,17057369,SlGBkwBaz8dVrTnpK0md,
12802817.0,2680.7761795674023,50,euros,2024-03-11 11:28:53.028645,25734477,tYX1PQR56F5kfDGjgaFa,
3026284.0,2361.061736785105,50,euros,2024-02-08 13:25:37.028645,14378371,euMxsNqNFooSCHm3IL01,
11179369.0,1047.5589199620808,50,euros,2024-03-03 17:02:46.028645,27332596,UQv7sK2wiMOWQoTLwkhM,
,2319.895254849232,400,euros,2024-06-02 09:53:15.561230,18314867,,
,487.76544150125983,400,euros,2024-02-16 13:16:47.561230,26179330,,
,-1760.3423305379067,400,euros,2023-12-24 00:10:06.561230,2970963,,
,1592.7962643418105,400,euros,2024-06-02 23:34:43.561230,4038010,,
,-729.3588822161416,400,euros,2024-05-10 12:29:24.561230,19245469,,
,199.6268774810192,400,euros,2024-01-18 04:04:32.561230,16028379,,
,2213.970354937287,400,euros,2024-04-09 23:20:23.561230,17681196,,
,-1511.491486028487,400,euros,2024-01-25 13:54:09.561230,7252724,,
4699237.0,2309.6929562232945,50,euros,2024-02-24 13:33:01.028645,7105064,KBca3TbM8GNQz5IG0HEq,
,-2466.2641775822044,400,euros,2024-03-13 19:59:02.561230,9925508,,
863575.0,-784.5660956531046,50,euros,2024-02-20 17:27:13.028645,14097593,GgfcWFT4QCsNlXnnl3or,
,-1772.5550305335664,400,euros,2023-12-27 04:49:58.561230,27698687,,
,1129.374362895665,400,euros,2024-01-27 15:24:31.561230,5972711,,
,-1042.0483491086873,400,euros,2024-06-03 22:59:24.561230,28791031,,
2224228.0,-964.5653779641998,50,euros,2024-02-07 17:42:46.028645,25296142,To6WUwh1I6aH3503U3FM,
,-1039.2688461150287,400,euros,2024-02-11 03:21:02.561230,15003186,,
,-2527.6138418305927,400,euros,2024-01-25 11:16:08.561230,8651023,,
,-518.6866244959831,400,euros,2024-05-13 18:36:34.561230,13563299,,
6155831.0,2364.546391276991,50,euros,2024-03-09 16:39:15.028645,10691705,wyqWgozzAq6ifEnbveeY,
,1302.3262993387991,400,euros,2024-04-23 14:11:08.561230,59233787,,
6006186.0,-2096.387696955849,50,euros,2024-02-04 19:08:53.028645,24914075,ApwFlX9IUluAm5nTpwXG,
,-966.1652484647908,400,euros,2024-05-10 10:56:18.561230,10206042,,
,1371.3858944090011,400,euros,2024-04-27 09:43:05.561230,832512,,
6858839.0,-2004.8956779720677,50,euros,2024-01-19 19:43:17.028645,25232684,EM4HtknkiNGnVctpUguD,
,-1076.0784000995468,400,euros,2024-02-18 00:45:47.561230,22976150,,
7898866.0,852.8167694637664,50,euros,2024-02-15 22:16:32.028645,908711,9jPwenxz26UCCyjmhWjJ,
,2736.538177976769,400,euros,2024-02-19 14:53:14.561230,24089593,,
7373658.0,-1669.4614118873178,50,euros,2024-01-28 14:27:04.028645,7583664,VYA1Z889NY2Fmjd9G8R7,
1966694.0,-980.4085326064184,50,euros,2024-02-08 09:01:21.028645,16477614,Az9I2DjV1q7SSU2pp18O,
728058.0,1597.7764312565478,50,euros,2024-03-02 06:56:22.028645,6859747,WMaKS2AHmVuI1QfRDzGc,
3987675.0,1651.6400521759942,50,euros,2024-03-08 18:21:58.028645,7742871,SqsLERFWh0YcCM3wGAnP,
,438.469967867949,400,euros,2023-12-23 21:56:31.561230,29512710,,razzia vecicona ecogunda celeste postrimer codiciar enconda yele
9230344.0,2224.9437300266645,50,euros,2024-03-10 01:25:25.028645,7703382,AYqmBiGazrATpWKgcIDD,
,-2170.633447351108,400,euros,2024-02-09 14:43:38.561230,2055253,,
,1678.831242654258,400,euros,2024-06-01 18:14:50.561230,21217255,,
5405635.0,-907.1256790976196,50,euros,2024-02-28 02:39:00.028645,21996306,0UeLqNJbJ50PNleZWYi7,
6372784.0,-2355.1615880871,50,euros,2024-02-15 22:34:20.028645,11722562,2ILqhmOjCDhMZpMUxPEM,
,-544.683890223132,400,euros,2024-05-02 18:49:43.561230,7281024,,
,-699.8537004247362,400,euros,2024-01-24 11:13:09.561230,23674812,,
,1259.2840802075402,400,euros,2024-03-03 08:27:31.561230,10377980,,
8937247.0,-426.2659612070088,50,euros,2024-03-07 21:52:07.028645,5676060,IP6O8lUbE5bRzl8VDH0D,
2954770.0,36.82029896525228,50,euros,2024-02-05 02:44:38.028645,26883764,2aQqL3zrjWqPSP3di3Cd,
,-1765.4944223236716,400,euros,2024-02-16 16:22:18.561230,20458473,,
6862261.0,805.0729798538327,50,euros,2024-02-22 16:33:59.028645,24577440,4MgXKMRCUrafBQswnLwM,
,-184.13341268155864,400,euros,2024-03-14 18:52:59.561230,2212571,,
2591958.0,-2284.665267046869,50,euros,2024-02-06 02:01:07.028645,25524057,hhQWZyGYoSDme1SLbQo4,
1121942.0,206.07879322218787,50,euros,2024-01-25 00:44:58.028645,5102368,Fr6Ei8Fnn55WtgLURJxq,
7070099.0,2569.415229118563,50,euros,2024-03-01 04:20:47.028645,5910503,990SKLyDVeEgsbLO0cq0,
,-1738.620717879095,400,euros,2024-02-10 12:48:35.561230,9566824,,
12181564.0,-795.1407412143747,50,euros,2024-02-07 06:09:55.028645,780465,IsKW6N7EKsq25jBDXfMg,
,2884.157125935323,400,euros,2024-02-02 00:13:51.561230,13006499,,
,-179.2074054991158,400,euros,2024-05-08 01:03:19.561230,20629839,,
2846777.0,-1101.4277235213276,50,euros,2024-03-04 11:39:43.028645,26121013,RerAgQ0M1reSUb9dg6YZ,
,1946.7942341875316,400,euros,2024-03-02 10:08:25.561230,85601919,,
,1837.997130483819,400,euros,2024-04-07 12:18:05.561230,1056081,,
,1450.2168685166102,400,euros,2024-03-14 06:31:09.561230,19354390,,
6558658.0,903.638687623528,50,euros,2024-01-14 17:49:42.028645,27864285,FVZxQ7vixDWwwi4mEUMJ,
1740728.0,1153.3904758255276,50,euros,2024-02-16 21:47:51.028645,14528138,AjPBX1FdmVTRAKZwiqWv,
11471971.0,-1413.0625722153245,50,euros,2024-03-01 22:30:28.028645,22135145,IJpvkpYWpIMO31xeQ3kH,
14735370.0,-331.2947869869399,50,euros,2024-02-13 16:49:41.028645,18324338,AJcGiS9QXbfQLtCviOUM,
,-2338.678573205445,400,euros,2024-01-05 02:26:11.561230,27094936,,
,2356.857649180053,400,euros,2024-04-28 03:00:08.561230,29906317,,
,-1660.9566201270816,400,euros,2024-01-31 00:35:47.561230,25650633,,
3570163.0,2473.541842839518,50,euros,2024-01-18 02:18:12.028645,6139173,Eq1PM40etIKDEHc8bWfM,
,969.0099348192224,400,euros,2024-04-15 01:24:53.561230,21319307,,
,-406.5524745816542,400,euros,2024-04-17 11:04:13.561230,14330503,,
7283.0,900.9518982686714,50,euros,2024-02-01 07:09:21.028645,25913111,b0OFcFHg1VDKklXakaH2,
13962677.0,1087.149032433428,50,euros,2024-02-13 09:26:56.028645,17571723,Wc68i4KnC3GbswIlHg8G,
1477408.0,-1731.6219640912782,50,euros,2024-03-06 23:14:34.028645,17566117,F3gKEBTC5WfdCHxWG9Fl,
12144507.0,2452.441746509803,50,euros,2024-02-12 14:00:12.028645,1522045,YNlAfJBON6KPk4tYTZwl,
4991018.0,767.402174231463,50,euros,2024-02-11 23:13:43.028645,3003342,ILPSQJrP0ZY4c1JtTL7i,
15099273.0,-696.6836628206754,50,euros,2024-02-10 06:28:23.028645,18107482,N6wBiG6kzRGB9l604KA5,
4449765.0,1945.097070218966,50,euros,2024-02-07 00:23:50.028645,13988595,r9AcxUtmXK1IHOIMJSVO,
,-716.8010751670265,400,euros,2024-05-04 12:47:52.561230,98255019,,
8392425.0,-542.1498038343229,50,euros,2024-03-12 19:10:29.028645,24490460,WpXDc1NHar9ef9BFvlvB,
1018579.0,2760.914447284098,50,euros,2024-02-14 11:26:30.028645,16865998,aLaXDPEY5D7B3FBPwgHB,
8747082.0,2999.0616393030423,50,euros,2024-01-18 18:02:10.028645,1249385,rPpdt70XJprdBplxlZPf,
4029907.0,1399.995548676448,50,euros,2024-02-19 16:42:23.028645,26240449,zXyfxYq6TzUTF5frOtTE,
14257563.0,-1616.002782385009,50,euros,2024-02-13 12:18:37.028645,5118240,Kh4PiwLlDEHVxN9OReEq,
537630.0,2871.674340713093,50,euros,2024-01-24 00:27:28.028645,19106061,FknowEJKr4Xh7sItqMKb,
1595813.0,2481.970189706015,50,euros,2024-01-22 22:57:39.028645,26454011,e8XrZ1rli37g0mbxa0I7,
7144271.0,-448.5934764029712,50,euros,2024-02-10 12:30:25.028645,4777504,NhRCfI1vcF4TPP6AwQoB,
,1299.7285425957994,400,euros,2024-03-03 19:55:37.561230,18252863,,
4815661.0,-2024.154434224121,50,euros,2024-03-08 10:47:00.028645,9158538,uOMVnQIjwkMGSJSbquSa,
11227290.0,2332.876526882705,50,euros,2024-02-29 23:42:44.028645,9289492,hCGhBCXCMg75ecVZvIeO,
1278586.0,-2141.310612011854,50,euros,2024-03-07 00:01:29.028645,27897755,Z6GeNdWKDXeU4Fjk4MDb,
108987.0,-1329.4109138037925,50,euros,2024-02-14 03:56:23.028645,26193610,GRIAXjsiKDjLRAOaq7D6,
10140617.0,-2098.855995851257,50,euros,2024-01-24 17:56:23.028645,17927818,vuY104PQhqzDpMv6YAxu,
,-1271.4782807851916,400,euros,2024-01-24 11:54:14.561230,16359434,,
,-526.3571720773696,400,euros,2024-05-15 19:25:16.561230,12210114,,
,-1015.6895057601068,400,euros,2024-05-12 22:00:00.561230,24679045,,
5613132.0,-2527.983305982249,50,euros,2024-03-10 16:01:47.028645,11151514,Ngss0ufFGvEe0vBTogZX,
8163747.0,1141.8869561087654,50,euros,2024-03-10 19:45:43.028645,1366139,iM2YHKN4fmqa0ZA662yd,
,-414.120521461402,400,euros,2024-03-28 03:49:20.561230,25271304,,
,-1223.0539632475409,400,euros,2024-02-24 15:30:15.561230,3339905,,
6819484.0,2057.993523149781,50,euros,2024-02-25 05:15:24.028645,14502094,Ne2y5Dd7uqTQa2zzkcAm,
,1737.2323122081762,400,euros,2024-06-04 14:23:28.561230,502730,,
,-1091.145633738431,400,euros,2024-02-04 12:24:30.561230,21536479,,
9251001.0,-2361.3175575590194,50,euros,2024-02-20 06:47:58.028645,9013055,KSIasPuD7IUUqO2VeFx0,
3393679.0,1062.6062492155595,50,euros,2024-02-27 02:13:01.028645,5758260,0kZ7CzVL9lGhZ36PxLph,
,-1550.202296911519,400,euros,2024-02-12 05:43:45.561230,11456942,,
,-775.3495532174115,400,euros,2024-04-07 12:50:59.561230,1577572,,
10282036.0,1329.84949757471,50,euros,2024-02-29 15:19:19.028645,11229530,iyBSUYmKJG1cD3BRUqDV,
,2708.733065948307,400,euros,2024-03-20 16:39:55.561230,9653302,,
,2525.2917234683878,400,euros,2024-05-21 06:53:07.561230,7045469,,
,-214.6746772900069,400,euros,2024-06-06 05:16:48.561230,28509136,,
1290341.0,-695.9569192428496,50,euros,2024-01-29 14:05:16.028645,12190602,jHDIqMD0slIP6w9baNpa,
,1783.8358180516543,400,euros,2023-12-18 03:07:28.561230,6709595,,commanear livancia guillote habitador jalifa aricar otansto nitroso reglado
4501026.0,-1872.1077886706937,50,euros,2024-03-09 02:29:24.028645,29063809,IazM2nCIaLXmt55AjtuB,
12416110.0,1771.510293019991,50,euros,2024-02-06 02:34:47.028645,13370523,Sd5ZvBSQoyOn4ngHDoI5,
,2867.554817524669,400,euros,2024-04-26 16:14:24.561230,24741994,,
1429491.0,262.9290049633137,50,euros,2024-01-21 10:58:56.028645,11226217,3zxz14lvdRRzl8uep2hc,
866962.0,-375.72301219274,50,euros,2024-01-18 05:57:25.028645,7057431,KUgeWxwccRY6ycJJdoKI,
,-2560.1645216841835,400,euros,2024-03-06 08:31:48.561230,24039789,,opresivo adento prediar emperador asador aullido realejo dandalla dovillos
14917301.0,-87.53906210042533,50,euros,2024-01-19 17:02:07.028645,35804319,quxqLN75C6DPTfDbbQ3Q,
,800.7496666189859,400,euros,2023-12-30 04:29:28.561230,21007552,,
,1018.2372756598884,400,euros,2024-02-07 02:30:59.561230,28737877,,
9633923.0,890.0723810041318,50,euros,2024-02-19 08:31:17.028645,25316488,Q9nOkvcVbKqQfpV0rO8R,
,-2254.325200967849,400,euros,2024-01-03 12:55:51.561230,26528648,,
6388278.0,-1573.4522129260931,50,euros,2024-02-03 00:19:28.028645,10693397,NKuepWjuoLsIe3lLvCXw,
,-1542.5848116282268,400,euros,2024-01-28 21:43:57.561230,545559,,
,2975.753954675075,400,euros,2024-02-13 05:53:27.561230,24491281,,
,-2122.384781891012,400,euros,2024-04-29 17:53:13.561230,17493301,,
,1611.6399585551535,400,euros,2024-05-08 12:13:23.561230,91092081,,
,692.1265082570326,400,euros,2024-02-14 00:29:12.561230,15221321,,
14172039.0,841.0136672743497,50,euros,2024-03-08 03:57:52.028645,24036863,gbOO9Dwo7xgK5eMuakWH,
4118825.0,88.00066133509972,50,euros,2024-02-11 03:23:30.028645,1937868,1zrYsexH3T34JZbGZANG,
,2820.771739202295,400,euros,2024-05-18 12:40:24.561230,10412371,,
,2728.474686069584,400,euros,2023-12-26 14:05:20.561230,267718,,
3588104.0,1208.568730531406,50,euros,2024-01-25 04:37:59.028645,8100119,0xMChWeMDCRuZtGIgkVk,
,1707.2641021251557,400,euros,2024-05-05 21:33:58.561230,2320860,,
,2721.012783415954,400,euros,2024-03-31 06:16:15.561230,26587757,,
2445114.0,1343.6884548085336,50,euros,2024-03-08 05:33:25.028645,8965106,iEMJHGEsu1UVqg7REVWW,
,-808.6317984253001,400,euros,2024-04-03 07:31:14.561230,15437789,,
10495523.0,-45.50088221508804,50,euros,2024-02-19 03:26:49.028645,12618072,MArsuFoEuLjytpD8af1L,
10624607.0,1988.1871326868804,50,euros,2024-01-26 19:06:52.028645,14471636,XtXm8kscMhfWXlQajxOp,
7957312.0,107.73158047033576,50,euros,2024-03-09 15:15:11.028645,28396645,SXQw7GJydMRqePx5CeOZ,
3768336.0,1821.0188449454051,50,euros,2024-01-15 01:29:28.028645,22943478,QnzwYPenoh3yt6ab2Lva,
,198.55937399484628,400,euros,2024-02-02 10:52:33.561230,20966622,,
3584976.0,733.6854114277253,50,euros,2024-02-06 22:29:06.028645,12946346,U2bz205SXcSQToHBwzNs,
2844923.0,-2484.379250600128,50,euros,2024-02-22 00:39:41.028645,5522648,Amna2otmnc7oIAfaWd8Q,
4680980.0,2108.0324470342166,50,euros,2024-01-25 18:57:51.028645,14188695,zrN37wchYYaX11UrvXea,
8757099.0,363.6922207097568,50,euros,2024-01-15 11:15:29.028645,20243574,FSOJf1zjtHfKSTSM4Y0n,
7299190.0,1728.2544973946517,50,euros,2024-01-18 17:41:05.028645,24894670,UGooAZ5g002FicGoJaoX,
,2397.6691340435627,400,euros,2024-04-02 15:29:30.561230,20961898,,sofada lavado
,870.3594585160777,400,euros,2024-01-23 20:58:44.561230,5772917,,
5596541.0,1492.2911965118406,50,euros,2024-01-29 16:10:29.028645,5457884,CDt5TvOnpP595OEOKbrG,
,-1813.1995318192533,400,euros,2024-02-10 08:43:43.561230,21241123,,
6681830.0,2483.2927227375585,50,euros,2024-02-27 05:33:56.028645,15631440,looWPrGbxjqbKLfW003U,
,-1810.7009314438565,400,euros,2024-01-22 12:48:15.561230,9412169,,
,2159.2912112678387,400,euros,2024-05-19 23:09:21.561230,6329353,,
,1702.9678606706084,400,euros,2024-03-29 20:15:34.561230,14867982,,
12835491.0,585.4421000225466,50,euros,2024-02-05 11:50:09.028645,13743074,wGjT7LpDh7ooqssyuzYY,
,1920.182460564307,400,euros,2024-01-18 17:07:56.561230,19334523,,
7188529.0,-2493.1348930375057,50,euros,2024-02-09 23:26:52.028645,24407516,tNr2KG6q7mveHNyErH2B,
,2252.5348791178767,400,euros,2024-03-28 19:30:59.561230,7570771,,
14432012.0,1051.4382244195044,50,euros,2024-02-21 03:35:20.028645,8049427,oyJfQwmhXvcobx4mYq6k,
14128991.0,1117.2463334276572,50,euros,2024-02-26 23:07:42.028645,25427878,Brc2zp8xFTXlSOJXIeUP,
14799654.0,619.9411707863519,50,euros,2024-02-26 07:49:29.028645,99789990,13nHxHw1h8rIFfPmd68b,
8224018.0,-861.7698293382318,50,euros,2024-01-26 00:37:44.028645,23272619,HVQrYwjFt6vzdCsHoyOC,
5275800.0,2988.4176204771647,50,euros,2024-03-13 03:58:05.028645,19439591,nEPyv3UeGV7em3jfDXyc,
7562655.0,-2163.074705962857,50,euros,2024-01-26 13:19:39.028645,14591661,HGesoLrrLFVwhPrWjMHs,
5075890.0,-829.3113250695269,50,euros,2024-01-22 00:59:59.028645,4430080,S98Lu8h14GDf2viJB7I4,
,1826.2326521196765,400,euros,2024-03-06 17:12:16.561230,16823879,,
13720403.0,428.1531914199654,50,euros,2024-02-03 02:42:40.028645,10940969,QDS7ACxxbwVTg22S6U6p,
10595906.0,478.8667290403878,50,euros,2024-02-13 21:24:50.028645,25075646,qoTzalWS9CPFBDlXatMf,
,-1050.2151694551094,400,euros,2024-04-04 16:07:00.561230,15631226,,
,-432.3836265203609,400,euros,2024-05-04 00:30:47.561230,26302406,,
3842145.0,369.4100532088273,50,euros,2024-01-17 12:57:58.028645,5167424,YIQKQ7rLUG8ztLFqiP0F,
,1819.1484349116065,400,euros,2024-03-19 07:38:15.561230,9423845,,
7345820.0,2425.82289436678,50,euros,2024-02-25 14:54:55.028645,25394697,0od9TGZ4WZoDCo6TBcle,
774771.0,-1357.7505916251475,50,euros,2024-02-15 15:23:15.028645,13232321,g7Gh4RKkRzLzeUAWnPWz,
,-69.67817008867405,400,euros,2023-12-21 10:04:15.561230,28549323,,
10638967.0,387.5014869375436,50,euros,2024-02-29 16:50:55.028645,4898218,KypS3ldE0FmUpryiwX8w,
7713214.0,473.82831155196754,50,euros,2024-01-30 08:51:03.028645,26900209,m3Vj92cUcPmvxgc0NfX6,
14010992.0,1904.2411334061635,50,euros,2024-02-25 03:34:04.028645,22710605,W1wRgiLC3kkOY9818C3f,
,525.6162783909258,400,euros,2024-03-14 16:24:54.561230,10937326,,
,1020.5793468547226,400,euros,2024-02-04 01:11:07.561230,11359354,,
14968314.0,1736.2781070613355,50,euros,2024-02-13 12:49:17.028645,84326127,0Cwq4gnvrVnKXxE1Rf6b,
3082184.0,1425.9388659559072,50,euros,2024-03-03 04:03:15.028645,6871405,qwVlxgfzPLV8HHe9ycYp,
5420192.0,-711.259918250747,50,euros,2024-02-13 19:34:25.028645,14495172,iwjT5N4bRkLoADd2hQo5,
8601533.0,-1304.9039282505505,50,euros,2024-02-07 14:38:38.028645,9235730,MDVgjjbq6U4hzdEwfatR,
1720825.0,178.4018804091852,50,euros,2024-01-20 12:59:59.028645,20087995,zbRbyAoAgxENawwBGCMo,
14957481.0,1906.8948718925408,50,euros,2024-01-22 17:44:28.028645,75430189,yHEO1Tg80OAmPfJSg4ni,
3449365.0,-1477.6168548517758,50,euros,2024-02-17 13:52:08.028645,5296239,F4rclAd8UL05KEP8fMBg,
3625953.0,-569.8595092366834,50,euros,2024-03-05 02:23:53.028645,25144077,knsFfD0xXYWqGHapuFPC,
,777.6105527753675,400,euros,2024-05-30 01:10:52.561230,29268766,,
15018384.0,-1275.280867790195,50,euros,2024-01-27 11:48:51.028645,10115488,pWEbht22LCcNhu2WlgdR,
,1994.1357360890447,400,euros,2024-03-30 21:36:41.561230,17005990,,
14486083.0,-1227.7696289174487,50,euros,2024-01-17 18:13:11.028645,43250660,SiPyCnziOv2OPUEXi1Yh,
12699335.0,1473.37372300685,50,euros,2024-01-29 10:29:32.028645,10000977,Cvlwy8HgX21QqRYPCPRi,
14944081.0,699.0400910647104,50,euros,2024-01-27 16:49:37.028645,36197696,M2duYVQpSODtfH83RLzm,
,2615.5934160465395,400,euros,2024-02-04 06:45:56.561230,19737410,,
12286495.0,-2192.2663946200187,50,euros,2024-01-18 08:11:54.028645,9133856,UvB5NWDlIsLY80E0TEQJ,
,-789.2652193518454,400,euros,2024-03-28 07:35:09.561230,2110904,,
13351808.0,-973.796460359056,50,euros,2024-02-07 22:37:29.028645,6569252,1h2k3PDkA9bIMj35NeHs,
,886.4988261523531,400,euros,2024-05-21 09:11:47.561230,13180845,,
,2347.966868416611,400,euros,2024-02-28 22:56:03.561230,27035438,,
,2599.839213428684,400,euros,2024-01-08 14:52:17.561230,78925720,,
,2713.9464384992207,400,euros,2024-01-11 18:02:47.561230,7522505,,
7267713.0,209.64895035573136,50,euros,2024-02-06 12:30:16.028645,4953997,jsBnKY4OQrttIkGXF37c,
,1428.1460312830914,400,euros,2024-01-09 18:27:36.561230,6701705,,
,-856.8022369879595,400,euros,2024-05-21 21:30:48.561230,18392149,,
1548101.0,1849.8376197449816,50,euros,2024-02-01 08:24:28.028645,4614099,IKMPR93TGIwJZyJJKYXt,
,1612.080558066591,400,euros,2024-03-12 02:56:02.561230,8873998,,
3045559.0,2179.86511265236,50,euros,2024-03-08 14:19:16.028645,18125692,swH06bBwLBGNj9BVacbw,
425895.0,250.80997960693003,50,euros,2024-01-16 12:52:32.028645,5206899,C9O3VjckfYbCT84rmJrX,
,2206.2052308872007,400,euros,2024-02-16 00:54:55.561230,22349769,,
,1952.1170133424976,400,euros,2023-12-23 09:20:05.561230,26164841,,
,-227.4925612578595,400,euros,2023-12-24 18:01:56.561230,6558058,,
10662247.0,-531.9599775675231,50,euros,2024-01-30 21:01:54.028645,20050048,voTAkpn1VkHhDM8vOEbS,
,962.7102976985884,400,euros,2024-01-13 03:33:43.561230,28727681,,
,585.4779253302236,400,euros,2024-03-27 10:00:07.561230,1154141,,
1323189.0,-870.0946564994874,50,euros,2024-02-21 23:39:35.028645,14015113,gk23aGvXHW5GyglaHdsx,
,-1081.222433331701,400,euros,2024-06-05 03:02:04.561230,2068299,,
,-5.316982972157348,400,euros,2024-06-06 23:26:17.561230,78803043,,
1452917.0,1849.4411248551205,50,euros,2024-03-02 06:01:27.028645,8919653,WGbDK0Q05aVU9UeaKarL,
14848152.0,1296.612279487265,50,euros,2024-01-28 09:23:12.028645,86897151,DDlYn46eRNjFjtOxYv6L,
,1511.3404831124549,400,euros,2024-03-24 22:00:03.561230,23609940,,
,1697.9495999568126,400,euros,2024-01-03 06:57:03.561230,15211260,,
14943901.0,2523.962682283509,50,euros,2024-01-25 07:56:36.028645,19577182,izlJxU5uNzr7uZLjSfke,
,1346.8366300946564,400,euros,2024-02-01 17:40:05.561230,9589265,,
6427550.0,-1355.8280655339966,50,euros,2024-03-08 05:21:09.028645,14587162,ILsHdrSfaXhk34SobT4A,
2408281.0,700.5913693211714,50,euros,2024-01-28 00:33:36.028645,8997341,HVfgI2QDTgyB5bi8rCMG,
,-1910.33036328588,400,euros,2024-02-12 09:57:31.561230,6487780,,
,1579.616530496637,400,euros,2024-01-05 07:59:45.561230,8174949,,
13626371.0,126.55255097109377,50,euros,2024-02-07 14:52:48.028645,25783411,N4Qn2wklXIDAGu2qw8Js,
7777539.0,-1315.8084120275234,50,euros,2024-03-08 13:57:55.028645,5886219,Ensfrc5qEo74gwAUTxxq,
,-1353.4450003363836,400,euros,2024-02-19 14:38:01.561230,91969251,,
,-575.4893622507627,400,euros,2024-04-21 02:36:39.561230,26208717,,
,1324.6788889637987,400,euros,2024-02-16 13:10:33.561230,25713252,,
,1823.4587433303432,400,euros,2024-01-15 16:04:55.561230,13218814,,
176285.0,-807.6923993258531,50,euros,2024-01-23 19:43:40.028645,26389768,HpHTOBPmUUju0thXM9zk,
,320.2638423622493,400,euros,2024-04-18 14:49:05.561230,3935408,,
,-1536.3541162004055,400,euros,2023-12-29 03:03:04.561230,4906274,,
12069737.0,2968.8016106547966,50,euros,2024-02-06 15:52:11.028645,10811158,brKwMvqkBK7nGIc7Sjpd,
,2440.5053741823767,400,euros,2024-03-08 02:25:37.561230,26896225,,griega
1617604.0,642.7787314286493,50,euros,2024-03-08 14:10:03.028645,8746163,SUilgHAl4qKXQZbe6kev,
,-2150.044129969,400,euros,2024-03-13 09:01:45.561230,7779495,,
,-367.8137468169907,400,euros,2024-03-17 23:29:20.561230,9117681,,
4329381.0,-1926.2892945292351,50,euros,2024-02-08 05:06:11.028645,4881768,SZ1OdAXJhAsgLIOahjcK,
,-1052.596419611452,400,euros,2024-05-22 11:18:52.561230,17869617,,
4978741.0,-2444.833541108841,50,euros,2024-02-06 03:37:57.028645,4390368,sPk9z04gvZqbMFcV2mY2,
2869334.0,-1942.5007074858693,50,euros,2024-01-16 09:47:28.028645,2105109,i2sf8qcntoIJSLVrDu3R,
,-1532.2096993991977,400,euros,2024-02-14 21:52:14.561230,9906732,,hiral nemeo colinabo
,1954.217775106384,400,euros,2024-03-23 20:29:39.561230,17946718,,
13314309.0,797.2997403891954,50,euros,2024-01-22 09:39:02.028645,19743568,YPOkUWQYz4MEozFarGiD,
14549203.0,-945.5022444944397,50,euros,2024-01-20 01:09:58.028645,40587593,h2xDwvQ4eCVzaidiTWZX,
13708242.0,-436.5106824918571,50,euros,2024-03-05 18:02:57.028645,6370389,IFYsxXfUD3PJGO3h91R0,
,1983.1013951044836,400,euros,2024-03-06 01:08:07.561230,16100045,,
13568189.0,2124.1128824758507,50,euros,2024-02-24 20:44:12.028645,28853064,6TfPbi3a9Hnk6cxMFS9c,
,-1074.6619795989957,400,euros,2024-01-09 13:41:41.561230,14748447,,
3074659.0,-2433.8525272824395,50,euros,2024-01-21 18:27:56.028645,16554259,M9OwwCXcQwDsuAdY7qvx,
,1369.5741641285626,400,euros,2024-01-28 06:05:09.561230,10219260,,
9070705.0,2869.464539508511,50,euros,2024-02-21 15:13:43.028645,8668074,JT4OhN9KD6KgRtJZ54Mg,
9222318.0,683.9633555984087,50,euros,2024-03-12 05:46:24.028645,18770068,IwZFxYZjxxwj4Wxq196I,
,-338.1933663612481,400,euros,2024-05-19 00:01:07.561230,24992904,,
,-2503.6645936034784,400,euros,2024-01-25 06:05:25.561230,16259007,,
,-1977.6638652687489,400,euros,2024-01-22 02:15:50.561230,14066451,,
2924292.0,2293.0058915070717,50,euros,2024-02-02 20:28:38.028645,12797589,H7rCuqB05a6S1Ycpax1C,
,93.11407126157884,400,euros,2024-05-04 15:26:09.561230,23781764,,
3400417.0,2626.5604545773213,50,euros,2024-02-01 19:54:31.028645,22202629,SmfRgbD8AZtTfUNVjtiL,
2112396.0,818.5414080811479,50,euros,2024-01-19 20:50:57.028645,5408618,a3HDN20k9qZnVm6FTXii,
7149679.0,2448.982107735458,50,euros,2024-01-31 00:03:07.028645,19698247,LERaPQ9xAiVlCyLazmov,
583389.0,-1846.2913717338463,50,euros,2024-01-21 21:03:44.028645,17007858,jXydoC9Xhn3ZgNnQZeFK,
14908525.0,2986.435786647058,50,euros,2024-01-25 07:11:04.028645,18095969,oNYfKOAxKFeFQf7metvV,
,162.798087771258,400,euros,2024-03-19 23:26:27.561230,17012207,,
,-1141.3154526557053,400,euros,2024-04-12 14:50:02.561230,17256766,,
,1082.6213458249604,400,euros,2024-03-11 15:25:27.561230,27601544,,
214126.0,2137.7330250140094,50,euros,2024-02-23 03:27:25.028645,2753189,NT46noH0g1KwuO54p5g4,
12246858.0,1300.900614013688,50,euros,2024-01-19 04:01:47.028645,25398847,jW1VkowMMd4uUdDOifBM,
11919103.0,-1024.5943778193712,50,euros,2024-03-10 23:38:43.028645,13420930,L3HFGWBAwFjB4KVmqmNb,
333776.0,2999.3192004154325,50,euros,2024-02-08 02:34:54.028645,11604227,PeWWrLabtoopulE8UXzv,
2839991.0,-1592.395781668095,50,euros,2024-03-11 11:55:06.028645,509237,ZDRd0wHMYdy4fXdEEZQp,
,-1057.974409149802,400,euros,2024-01-03 00:04:07.561230,69739848,,
,-1565.3363442676514,400,euros,2024-01-01 12:36:31.561230,6607710,,
4740136.0,2086.9142571079465,50,euros,2024-02-23 08:07:04.028645,24660820,KdnJ0Zn6ks13Wx5CqPpY,
1571420.0,-725.9242745700476,50,euros,2024-01-19 08:55:26.028645,8710774,pZ7eeCWvPK7ixnhphKCy,
12054569.0,-2307.906037935377,50,euros,2024-01-18 09:51:33.028645,21490054,d56mEq0bT1xcenDj49Qb,
9724616.0,-23.429441316705837,50,euros,2024-01-15 17:35:34.028645,29044195,LuGiPnh6UJFP5jwfmCeR,
,-1791.301658485998,400,euros,2024-02-18 03:57:54.561230,15103740,,
4112077.0,-458.12209982340846,50,euros,2024-02-11 06:38:27.028645,26880021,cp4BEYtgS0VEiq8Vnjd1,
,2445.6191266316355,400,euros,2024-01-17 22:24:20.561230,29179190,,
,-494.0779272613986,400,euros,2024-04-13 10:06:59.561230,302856,,
812968.0,-584.8897018688506,50,euros,2024-02-11 00:30:29.028645,789959,kiTh26mD3lK1iFIslgAP,
7258578.0,2223.829271886453,50,euros,2024-02-05 10:50:27.028645,11415444,Vf4nVaM5adl3fwurOYUb,
,-1837.2354729007388,400,euros,2024-05-07 09:04:23.561230,15594792,,
268716.0,-463.10282024059234,50,euros,2024-01-14 00:02:29.028645,12867294,lho1iNb3plazpfAMEiLP,
,1536.9790278304563,400,euros,2024-04-04 18:29:16.561230,22185303,,
12874196.0,-1569.0855062289615,50,euros,2024-02-22 09:22:18.028645,9133146,pfOVpwOMsw783wH38NR6,
,-2231.3419847877785,400,euros,2024-02-03 05:08:40.561230,18296666,,
,-1474.452193743831,400,euros,2024-06-09 07:37:41.561230,16676185,,
,-1863.0597703410008,400,euros,2024-03-22 04:20:50.561230,1229093,,
10992255.0,2224.533072320547,50,euros,2024-02-21 08:52:42.028645,20087593,LuMHqOIRmUDwapLyYNJx,
,233.01196902833817,400,euros,2024-02-04 23:08:49.561230,17201661,,
,382.8009082535322,400,euros,2024-05-10 04:51:28.561230,4787159,,
,-162.4457382880055,400,euros,2024-01-26 02:23:34.561230,13061584,,
,-1808.0900252275,400,euros,2024-05-14 01:35:57.561230,1522201,,
,-2190.317130107778,400,euros,2024-03-10 16:32:49.561230,16169113,,
7415700.0,-1341.7718620444125,50,euros,2024-03-02 01:21:24.028645,15103733,rUio0RDWl3boj0nD8iL8,
,1874.9718475663008,400,euros,2024-05-21 15:59:50.561230,29908728,,
8852018.0,812.007295836172,50,euros,2024-02-24 21:11:08.028645,19104029,E19OMPrv2ZEvLYArGbZH,
14975124.0,2534.9074481026973,50,euros,2024-01-13 23:41:52.028645,46524695,MhFSRLrZWG0BxIZdQWtb,
,140.5219345583264,400,euros,2023-12-22 05:34:33.561230,97324475,,
7994710.0,1430.6129534337656,50,euros,2024-02-13 19:02:33.028645,7537261,1l9iq9iqk1wwbWX2QrMW,
10432730.0,-988.9343501680332,50,euros,2024-02-26 18:26:52.028645,27359521,i44QiZmr22fht5jI5ec5,cimentar
6245025.0,-1336.3264259934963,50,euros,2024-01-18 04:11:54.028645,13063772,8VqQA5Cc8ASzYMGDM1ZZ,
,1913.3085230895292,400,euros,2024-01-02 02:36:59.561230,12948575,,
3780387.0,-191.17861328247184,50,euros,2024-02-25 12:35:21.028645,28708586,RvoXmYwpYTHgmWMjXIOq,
7918259.0,2469.806964981025,50,euros,2024-01-24 02:38:03.028645,21027150,Tt61vO2eBeOmNThLqdda,
7372322.0,1518.8428598412074,50,euros,2024-02-22 12:28:27.028645,28151275,oDqVXPWeCJNfdFHXyH7o,
15185664.0,2659.046662161395,50,euros,2024-02-03 02:47:42.028645,21571510,l6Dv5smFnssq3rUzwnOf,
3443928.0,-29.2078833698406,50,euros,2024-03-04 22:44:04.028645,10368615,UiIVsBeHaxj7qOGFnaTc,
13231912.0,-168.59378857438378,50,euros,2024-01-22 04:00:30.028645,9641727,7n0Pe2KE2ua6bqpLisOH,
,-2420.007966309845,400,euros,2024-04-30 22:26:27.561230,20949405,,
,-1398.3198666965714,400,euros,2024-05-15 19:06:06.561230,3926125,,
3052055.0,2290.288930522096,50,euros,2024-02-10 01:09:33.028645,7564538,DT2axe1q3Kfvu9Q3ZcCa,
6630267.0,2130.756755095922,50,euros,2024-03-07 17:54:12.028645,9386737,EHFXfsxCjxn2YjYSHGah,
10841416.0,2937.968689278749,50,euros,2024-02-15 01:59:22.028645,23930347,hoOqJRX5QX5k1ItQQyov,
5980138.0,-1776.6528760105575,50,euros,2024-01-25 03:20:10.028645,23906999,yDpNuP3vmjuDPzS95WA8,
4155563.0,2043.589827949744,50,euros,2024-02-29 15:22:03.028645,16307982,lXtVxo14tLbLowVtt4sQ,
13255814.0,-2272.632851718949,50,euros,2024-02-07 02:24:20.028645,768905,xqG6jawgPDwXKbmYnuBp,
,-1214.5289918832516,400,euros,2023-12-22 05:53:59.561230,22110059,,
,-1855.0645270761192,400,euros,2024-06-11 00:17:02.561230,24093554,,
12073990.0,-766.8917685713259,50,euros,2024-02-25 08:21:28.028645,325480,Q2bLgXsTgoGyKREXhbGN,
6524419.0,-1307.3615785807542,50,euros,2024-03-10 01:52:50.028645,29181719,iaO8Jl9YLdvcfwvmxN2Q,
7694542.0,20.65277116098514,50,euros,2024-02-03 03:24:47.028645,20611567,RbBf2fUUTVeshOVbrBXd,
12060016.0,55.91215766764526,50,euros,2024-01-28 18:27:12.028645,25819661,JkW48YR2SHtux3mtPJfh,
,2648.7498288251727,400,euros,2024-06-04 03:57:09.561230,18608861,,
,-1674.3484285539896,400,euros,2024-02-22 16:02:13.561230,8079422,,
,2324.599426005552,400,euros,2024-03-15 04:02:51.561230,4853179,,
,-2317.271734792167,400,euros,2024-05-20 12:13:57.561230,12321849,,
,1684.0223855626436,400,euros,2024-01-01 00:27:33.561230,17572574,,
,-634.8516267151865,400,euros,2024-01-22 19:09:29.561230,21063604,,
11918649.0,294.3880080618378,50,euros,2024-02-16 15:27:13.028645,10803022,tWqv8wKcnspReLQZywMJ,
9454662.0,2832.2439699903744,50,euros,2024-01-21 20:35:47.028645,7583754,XsVNNb8jB2gAhTj3Yd1t,
,19.05036878751116,400,euros,2024-06-04 15:35:10.561230,21941690,,
,-853.1256018399592,400,euros,2023-12-18 05:55:26.561230,2613909,,
,2536.2981733485794,400,euros,2024-05-04 21:46:30.561230,22795206,,
4619414.0,1688.3479635934373,50,euros,2024-02-04 23:52:36.028645,24961335,k6ve6xAVMnPGjyDQVLZJ,
12531893.0,-293.2567062648923,50,euros,2024-01-26 03:18:00.028645,28003251,kZUcYpkoZJyPD27i20Nx,
10177715.0,2260.477383125419,50,euros,2024-03-08 08:59:26.028645,4246772,Axr9Rn7bmzS1FFT2U5ZY,
,2809.2623059344105,400,euros,2024-03-30 21:51:48.561230,26438557,,
1782391.0,-2168.285303805289,50,euros,2024-03-02 04:36:02.028645,27859983,cvXLn7V1Hp1SBlSyL0u5,
7072970.0,2853.8957796107443,50,euros,2024-02-25 14:00:33.028645,5694095,ldmNrTCbNV8fldoxlbdG,
,1536.4193175880318,400,euros,2024-01-30 16:54:39.561230,17345360,,
14549656.0,2235.639871443749,50,euros,2024-02-19 20:44:38.028645,20082192,2BpumTUtCe4JFzODYh0S,
,-1002.7191711547548,400,euros,2024-01-22 19:50:48.561230,16430639,,
10309396.0,-785.2898966718292,50,euros,2024-03-13 06:38:28.028645,14011330,VoH6hO2XQ75zcbmUEZBf,
5496248.0,2549.674437319133,50,euros,2024-01-26 19:14:12.028645,13939126,cupFtot8ieuVmR0g2Gwt,
,-1543.2275510601612,400,euros,2024-02-14 04:18:34.561230,15254552,,
,-1708.3809504387675,400,euros,2024-03-12 09:38:22.561230,22619387,,
13809325.0,737.4280742210431,50,euros,2024-02-13 05:39:46.028645,16745436,t7OGT4H6j8T4wG6bk1pL,
10040558.0,2376.34982049428,50,euros,2024-02-15 22:31:24.028645,7117339,HGCE6zWR53I3MyGZGphd,
8836207.0,2197.7573539454006,50,euros,2024-01-28 11:01:13.028645,29629657,Yyx3o3dXMPRSNtFctMXk,
4035639.0,-709.4423393313903,50,euros,2024-02-10 17:05:48.028645,20555266,HP2cNRCs66RE6RzQBBnG,
14328086.0,-2077.315254440959,50,euros,2024-02-18 06:48:13.028645,23846672,0o0dEFrwdJvqRZQDQDuS,
9435115.0,1603.1376268486338,50,euros,2024-02-15 15:39:48.028645,29584547,GKVySVMRPa3KeSy4xver,
,2154.044359800485,400,euros,2024-02-15 19:24:14.561230,10719934,,
10857624.0,1806.7674185036583,50,euros,2024-02-05 04:48:23.028645,25561330,KD95zv14T5ZEeHoXvCdj,
8385169.0,530.3326377679373,50,euros,2024-02-10 06:39:54.028645,21715382,ETBC1s3rozBE3DRvu0wC,
,-1059.9443548716954,400,euros,2024-02-20 11:30:14.561230,9903131,,
,-764.0834082624142,400,euros,2023-12-15 23:37:24.561230,24031151,,
,1557.9821862530653,400,euros,2024-02-14 11:14:03.561230,1121680,,
14037108.0,-2167.564463325998,50,euros,2024-03-01 04:41:21.028645,12669604,rX4DSggkOVD4NVW4haWO,
4158980.0,1573.1894401756765,50,euros,2024-02-26 01:47:23.028645,6774336,oAQFaKvEagbgWpFbdWEz,
15047342.0,-1828.071741686992,50,euros,2024-03-04 08:01:12.028645,43982185,4NmFYCpFTfnTk2VNPup5,
15091800.0,-478.2381528186652,50,euros,2024-02-11 13:43:25.028645,83525995,wOY99v8Wnhh9BDIiNNPT,
6762137.0,-1235.8904120131278,50,euros,2024-03-11 16:39:19.028645,10395180,ECaWzLL4vmwEMCFEnaun,
1970372.0,-470.4435064954646,50,euros,2024-02-24 19:48:55.028645,8834852,rR8QgeH3Yah5rZ7MGaIS,
10421312.0,-1344.5064633455163,50,euros,2024-02-17 20:48:01.028645,29190663,yU7TVuzoKxZ47P88N3rN,
8957743.0,322.8220235261556,50,euros,2024-03-01 11:10:57.028645,7852300,WLEoHslDK5hrsNRyPrsr,
,-2139.6401087740514,400,euros,2024-05-24 16:12:45.561230,15616792,,
971503.0,2463.569649417601,50,euros,2024-02-22 05:19:45.028645,9564764,5Ip38lN4qJCgTMuDC0j4,
,-902.2420757092192,400,euros,2023-12-16 13:40:46.561230,9098861,,
2132065.0,196.81369944185732,50,euros,2024-02-07 22:00:13.028645,22167010,9FqGr5eej60fm5izxvEt,
4353970.0,-1445.6318188842638,50,euros,2024-02-01 17:17:12.028645,18949693,W660xMlrWTAj4BNnvKR6,
456540.0,873.7211132456432,50,euros,2024-01-23 18:46:36.028645,13190248,ZzMkd34yEO5P02YXjo2S,
13349745.0,1370.343769815193,50,euros,2024-02-17 01:57:46.028645,28535128,ODMvxA8FhrLAhBEyTmvU,
,2484.015781868583,400,euros,2024-04-05 21:20:07.561230,22866718,,
,1765.674124028791,400,euros,2023-12-27 19:31:29.561230,13344061,,celcen pos ilusorio joyero hatajo censteo
3977951.0,730.2993164016002,50,euros,2024-03-04 20:11:19.028645,16163734,ff1FhcZUzFljhzhLHj39,
71534.0,-2556.2676012972474,50,euros,2024-01-13 23:21:29.028645,7036382,OsRR6vdKhhYlUHnjb0Ue,
5137753.0,772.6131469075417,50,euros,2024-01-24 23:38:36.028645,15195456,ibCvHkurnod11r9vyZ6o,
1152235.0,-949.6705514627442,50,euros,2024-02-24 04:45:46.028645,13057579,lMfiTKDCvmhbfXhiFkYW,
6841703.0,1225.9960687197522,50,euros,2024-02-24 15:04:06.028645,5214240,LWZBGQOE9ynEZWCPIfF0,
,1778.7312997446645,400,euros,2024-05-21 08:50:14.561230,26468548,,
7461617.0,1946.257568683868,50,euros,2024-01-19 22:16:15.028645,10114453,cLPr6R46qgCC2Ew9Ckkg,
,1070.3641719382604,400,euros,2024-05-07 04:09:04.561230,5602817,,
10503842.0,-2490.9212353737203,50,euros,2024-03-13 02:05:03.028645,24173464,WNxi77fj7zMhRIrzFBNi,
7065019.0,-353.62175480323594,50,euros,2024-02-10 01:31:42.028645,13009041,3pGYYvo12GYSraBDh4RV,
,1053.8915785391405,400,euros,2024-04-24 14:15:38.561230,7940743,,
,-1513.7346890836434,400,euros,2024-03-08 13:02:39.561230,11411362,,
,-2129.452475147816,400,euros,2023-12-29 16:51:41.561230,68371741,,
13283893.0,-390.6776624093805,50,euros,2024-03-13 01:06:29.028645,29575774,CsJhybVkFUWnaLGsSEzM,
10167366.0,2428.8625225545475,50,euros,2024-02-26 04:07:04.028645,27928002,pMNffrEE5aRYh421SGra,
,2990.102419720666,400,euros,2024-05-09 12:51:58.561230,13636894,,
,1003.588904161928,400,euros,2024-02-07 00:35:16.561230,3245548,,
15172330.0,1448.6683947841257,50,euros,2024-03-08 08:37:45.028645,72956365,rO0DCbQSaWfcFjSqUZu0,
,671.7423889016145,400,euros,2024-05-13 12:52:52.561230,12945212,,
3816880.0,2302.012194439946,50,euros,2024-02-19 19:40:49.028645,10208896,ag7ngFTChfiqrjTO3gF0,
3606789.0,-1919.115617029922,50,euros,2024-01-21 09:04:26.028645,19801652,aZ99EkqBfrG6m6loApEm,
13797009.0,925.7015252520572,50,euros,2024-03-06 07:33:42.028645,5885413,a9tpW1pyNCmyRgK8PzPs,
,82.87242481691601,400,euros,2024-05-03 05:24:08.561230,6107753,,
,-375.9157217290162,400,euros,2024-02-03 08:01:16.561230,15159623,,
3855044.0,2625.2396930072828,50,euros,2024-02-18 23:14:45.028645,5765519,VPhcZQ1BUACMS7COVO5z,
,-2049.156917802001,400,euros,2024-01-22 08:23:20.561230,12386743,,
,-790.4930566357739,400,euros,2024-05-11 09:43:35.561230,19681805,,
5491903.0,302.5037440075871,50,euros,2024-01-25 16:42:20.028645,5158489,CnBsrrQHA295y5aSVBvQ,
,175.5283864596231,400,euros,2024-05-29 12:33:45.561230,13375990,,
,1275.6433059441952,400,euros,2024-04-19 18:13:18.561230,765675,,
,-1068.850014649472,400,euros,2024-04-14 13:20:26.561230,25788937,,
,1005.2719615954028,400,euros,2024-01-30 11:38:55.561230,26733127,,
1590635.0,-1530.8699626997393,50,euros,2024-02-28 05:00:51.028645,12880655,9kOWthWHMfxwArnVEKlI,
8631544.0,-1155.8857407014611,50,euros,2024-01-25 06:40:32.028645,23033252,6f63xhrF4Hjjc3qSgoso,
3957586.0,2811.019302968184,50,euros,2024-02-19 17:37:33.028645,3616237,8IVg7mK68yiQq0RpX11F,
14538504.0,-1265.3210705121444,50,euros,2024-01-30 22:26:59.028645,84488127,c1GR5How0lENNjfLaSHG,
,-713.2241177120816,400,euros,2024-04-20 09:21:01.561230,26795853,,
8636964.0,-284.4425042500875,50,euros,2024-01-27 06:41:58.028645,25072315,lFimqy3Ttx4WSOeahPUR,
,-1466.301244151474,400,euros,2024-04-13 18:56:24.561230,27131004,,
,-26.402516393703536,400,euros,2024-04-26 19:34:36.561230,10735026,,
,749.9009068751166,400,euros,2024-03-06 07:43:44.561230,16495945,,
2199030.0,-2509.7465668705536,50,euros,2024-01-28 15:13:25.028645,27868443,nruHawhwa2kSqxSVvW8y,
6787940.0,-1591.5800979422538,50,euros,2024-02-21 13:12:22.028645,779496,L8vvivjM9iMxJcs7sHzl,
12445412.0,-1705.8867059926365,50,euros,2024-02-12 20:27:12.028645,27125982,55EvBPSjxAHrqE5QGdJw,
2933541.0,-2369.21569242985,50,euros,2024-01-16 15:58:47.028645,5368486,QX6UBDQAqIxlyorgowQ9,
8655801.0,2954.322020545067,50,euros,2024-02-23 00:06:50.028645,2372555,3gC0wfgJY5gLQSHlZePV,
,2936.064461391765,400,euros,2024-03-27 19:24:27.561230,9645861,,
,-293.95354595145136,400,euros,2024-03-11 10:30:19.561230,18383388,,
,739.6206450016998,400,euros,2024-04-25 09:48:06.561230,9188662,,
,2482.2515367631318,400,euros,2024-01-12 11:59:17.561230,5781324,,
,1043.0750769332944,400,euros,2023-12-31 03:51:25.561230,25789226,,
,-2374.2044272812823,400,euros,2024-03-02 22:37:14.561230,3390844,,
12483549.0,-1600.6681187891688,50,euros,2024-02-23 04:11:39.028645,20213411,AC8f60V6EvIGjrXapjXA,
11624995.0,721.4846065934394,50,euros,2024-03-09 19:19:46.028645,10335394,HljVy8BrZ3SxWoZBt0Az,
,-1320.8642243503436,400,euros,2024-02-27 07:38:50.561230,7167613,,
,2062.377670091565,400,euros,2024-04-01 18:02:18.561230,18615723,,
13353105.0,1113.9510904357358,50,euros,2024-01-30 03:36:47.028645,17212286,q8ax6jopUIXWlkfZfDWh,
2553439.0,-618.0697920190826,50,euros,2024-01-14 03:45:53.028645,27897266,NXu5hD5vyfjT8n78i5tq,
,-1421.4728660152798,400,euros,2024-01-14 23:59:52.561230,5357431,,
,-1064.3731385461138,400,euros,2024-03-25 08:39:00.561230,5554763,,
4931618.0,533.3105844559168,50,euros,2024-01-31 03:59:40.028645,12597114,bIKn63Uw2WrmmVyyH3zx,
13074860.0,1470.172099933632,50,euros,2024-01-25 20:59:41.028645,19406089,CrT6xUgxDI2gO9Z2Mjj0,
8358748.0,-949.4385241552422,50,euros,2024-03-11 15:00:57.028645,26088941,A1AU1tpe80oYAWaFRcD7,
,2496.2302152833017,400,euros,2024-05-11 01:52:59.561230,16601007,,
5002186.0,496.80750290042215,50,euros,2024-03-02 00:02:36.028645,21487793,ZnvR0jcfjQYFqvF4ZeCW,
,-2159.481467848826,400,euros,2024-02-19 03:01:03.561230,19147057,,
1544025.0,-294.5751609220274,50,euros,2024-01-28 17:06:46.028645,17117553,AbeqQXWQQ8I9h85PVc68,
407039.0,-897.7570922299444,50,euros,2024-01-14 06:04:59.028645,23287748,ahvZRYtkHhPXBt1Ukp8z,
5330624.0,-1406.5295880462154,50,euros,2024-01-25 11:38:56.028645,27184337,io35LpcJzSdrRjH9cJKz,
5319026.0,694.5196345403206,50,euros,2024-02-04 23:14:27.028645,2995272,585IDpGpU7qEYDtArx6O,
,1292.8683076825173,400,euros,2024-02-25 13:43:13.561230,24832729,,
6390639.0,1813.8240925778944,50,euros,2024-01-18 11:48:09.028645,19191815,OVvxifopclBRQUHrSZVt,
438428.0,199.9692450717448,50,euros,2024-01-16 08:39:57.028645,7641476,w18u4McaHxUkO8rlZ8zj,
,-295.95755225655694,400,euros,2023-12-30 01:00:14.561230,8919591,,
,2006.308066032646,400,euros,2024-06-04 09:42:59.561230,12503006,,
,-2430.0013985642554,400,euros,2024-02-11 00:04:50.561230,19192890,,
5405651.0,-2053.1730184798253,50,euros,2024-01-31 04:08:51.028645,12037657,bhA8MC0rjZNRxmEXC8kn,
,-1224.3115981296255,400,euros,2024-01-07 08:56:33.561230,8760688,,
10523066.0,797.3509791080883,50,euros,2024-02-04 11:06:26.028645,27566820,6vXA4z8Kq2EiVamsICIg,
10633202.0,1514.3413678612428,50,euros,2024-02-14 21:41:48.028645,6663853,9zy2rZebAvTjm4YXdhvn,
5727980.0,-686.3071186877605,50,euros,2024-02-17 00:44:34.028645,13752538,0pWBjrU1EPMdbhMmjwd2,
,1396.264501400315,400,euros,2024-03-03 18:16:29.561230,12237088,,
,386.0926167142184,400,euros,2024-06-02 06:44:35.561230,5495636,,
7793854.0,-2290.3809524480157,50,euros,2024-02-21 07:46:06.028645,18244342,GAX4FXfND1S77JQjlOmW,
,1695.296330253701,400,euros,2024-05-03 02:28:28.561230,24273716,,
,-2290.838741821929,400,euros,2024-02-25 03:55:28.561230,20450403,,
,2455.549461646024,400,euros,2024-01-24 01:56:10.561230,13359407,,
6127370.0,2120.926283735598,50,euros,2024-02-24 00:24:54.028645,24589786,Yu9iliJBiyK8hG45410Y,
11107107.0,621.5895588658368,50,euros,2024-02-12 22:03:24.028645,26284721,v4VCIeB6yWGdme26gwxF,
,-426.0305055304693,400,euros,2024-05-19 01:47:49.561230,18800506,,
11707962.0,-1003.0459586133989,50,euros,2024-03-02 16:29:47.028645,13388832,fJ2X3xqmvE0hLgKKZhz3,
,-906.52711696064,400,euros,2024-04-25 02:30:21.561230,28736794,,
8243257.0,2124.392213658337,50,euros,2024-02-01 15:38:17.028645,14325548,XW1ccQoThLAIGSs3pqqr,
11880384.0,1505.022408391938,50,euros,2024-01-14 04:01:10.028645,17540120,V6Z8RiGLHt67XHKgtV1w,
8207203.0,2419.236036677456,50,euros,2024-02-07 17:22:04.028645,10894856,tn6Yk03deEmZjEuyywQk,
,297.36202991401115,400,euros,2024-01-19 02:26:12.561230,22984070,,
13663818.0,-2413.9221674718265,50,euros,2024-02-25 05:39:06.028645,9275292,13C0DargWVg8rRv4YOGo,
11296489.0,1427.451719464147,50,euros,2024-02-08 02:47:54.028645,3804035,9qPPsHw3OpHA8i39ZUip,
,-816.4971818326628,400,euros,2024-05-16 05:58:03.561230,17729828,,
,-862.4972104742178,400,euros,2024-01-05 23:50:27.561230,20866626,,
9077039.0,395.583172855836,50,euros,2024-01-16 15:13:04.028645,6702613,AYn6fFyzuQ13UIUJr5GG,
13933658.0,-121.53358241002844,50,euros,2024-02-07 00:33:32.028645,13949272,Cjf47tqNbOpuc6R04EF4,
,2769.738049419484,400,euros,2024-01-20 06:04:48.561230,9880740,,
647863.0,-2159.684348576861,50,euros,2024-03-05 04:11:28.028645,14898816,gFCG9ytpTpHBj7RzqJQw,
,1405.7814099277923,400,euros,2024-04-04 01:29:46.561230,25468701,,
,-1627.8306993225542,400,euros,2024-04-25 12:15:49.561230,18592950,,
11266179.0,278.2960804662471,50,euros,2024-03-11 21:00:15.028645,6514240,umX6soNJyEkOLVCA4khz,
,-2198.899479220636,400,euros,2024-01-26 11:16:50.561230,17598823,,
,-2031.7009458648304,400,euros,2024-03-08 06:07:44.561230,15938568,,
12537543.0,-975.8804512073908,50,euros,2024-02-15 14:39:44.028645,10326440,nf8AbxmFTmzkBCHOiQFU,
9494507.0,2901.0965005609605,50,euros,2024-03-02 15:53:10.028645,4823383,dPqe4xpkatnDaKvBSi1F,
8526447.0,131.07662545978337,50,euros,2024-01-24 08:09:39.028645,24956310,xVqj1gqjGWgKqujoTUs4,
,973.9809746708102,400,euros,2024-01-12 21:21:59.561230,27704532,,
,1444.4110769750291,400,euros,2024-01-14 08:32:07.561230,16294994,,
13285521.0,-1035.20604348107,50,euros,2024-03-08 07:58:36.028645,10717068,4q4u1sT253n0ucfxsz7E,
,1420.881360785224,400,euros,2024-02-06 22:23:37.561230,17594629,,
11598044.0,2097.910940406494,50,euros,2024-02-18 05:27:27.028645,4188958,V5nvAI79Qc8MSqGSKS3i,
397064.0,-1861.3587707280587,50,euros,2024-02-29 03:17:38.028645,8679364,3HqnJeQWkcSZLSJ0Xig0,
,-2345.2614792553995,400,euros,2024-01-17 09:05:57.561230,13296680,,
11962976.0,444.9179465898365,50,euros,2024-02-23 23:49:38.028645,19782842,IthH4VnZajJxG4AiFPBS,
,-2537.634183049709,400,euros,2024-04-12 21:15:39.561230,770050,,
,-350.05267474649645,400,euros,2023-12-16 03:27:29.561230,16052529,,
,2901.219806394032,400,euros,2024-03-14 10:45:43.561230,5371751,,
12898633.0,-468.6070183907564,50,euros,2024-01-15 05:12:02.028645,1617432,B9O10OfUqxLJeP4Dsv9R,
12403181.0,300.3862435757783,50,euros,2024-03-12 06:43:55.028645,20937946,DzZJyHHv5TanzwJouc2b,
12272981.0,-497.159253293944,50,euros,2024-01-13 21:59:40.028645,6061372,XcrJH66a384hB3QMO4u9,
3971122.0,830.0226140067134,50,euros,2024-02-16 05:22:20.028645,15095207,0B0G9hevtDcFhUBvrIT0,
5081447.0,2652.3006637222898,50,euros,2024-02-12 08:57:56.028645,17943065,vUj9bE6jpkjjTm7nxD1b,
4089537.0,247.1601629940842,50,euros,2024-02-28 03:25:59.028645,15370486,a8rqxG7Pl5SLW01OxRZ5,
,-991.6720717240646,400,euros,2024-01-26 23:43:14.561230,2338679,,
1643966.0,621.417413800426,50,euros,2024-01-23 11:07:05.028645,10738327,pGGw8vszsf4PO0UiMODC,
,1637.9298083197257,400,euros,2024-04-22 22:03:44.561230,9203196,,
,-1436.4867915645193,400,euros,2024-03-11 22:03:00.561230,28428460,,
13134679.0,2890.34285553058,50,euros,2024-01-19 12:33:07.028645,27316772,vouelJkEsV6JMC6QGZBh,
13145358.0,-1315.6151447935565,50,euros,2024-01-25 10:46:50.028645,2951830,l3qwlbVN3P6U6MpbUoFH,
1809541.0,-336.42323039565736,50,euros,2024-01-15 08:37:53.028645,23321934,TctcGUaDYmt8NhVDho2t,
,2224.5775299989664,400,euros,2024-03-17 17:49:43.561230,22031495,,
,-207.47205433748377,400,euros,2024-01-08 16:53:12.561230,73637014,,
,2566.957034949537,400,euros,2024-02-24 17:50:10.561230,14534343,,
9475180.0,-1608.638680970927,50,euros,2024-03-08 20:40:22.028645,28014931,rW5L2vAfrM6PzY1lAS7r,
,-112.64466643895184,400,euros,2024-02-15 14:24:47.561230,24216978,,
10318925.0,2480.2813987755653,50,euros,2024-03-09 17:38:03.028645,9146772,QT81DQZeyE8kREDtbaUv,
,1011.8440985345214,400,euros,2023-12-22 00:54:42.561230,5884280,,
2549607.0,-398.35897073600927,50,euros,2024-02-25 10:40:24.028645,22158335,mXxXlJBARJTUWlgccpAr,
3019123.0,-629.2452045466757,50,euros,2024-01-18 19:12:47.028645,7509475,V4yfnM60LLS7O4zH3rLz,
,1655.1628192667167,400,euros,2024-01-27 08:25:07.561230,709842,,
8358092.0,-1250.0183745208665,50,euros,2024-01-13 13:10:13.028645,14212467,KGXVzmVgtYQRpz1Z1G6n,
,-735.3778496902719,400,euros,2024-05-09 22:33:29.561230,1376063,,
,-1621.8641431549986,400,euros,2024-04-21 21:42:45.561230,95770311,,
4176615.0,49.677619981432144,50,euros,2024-01-16 11:19:38.028645,14594646,rEz3bLN2qBYF9yn9HPA3,
12059687.0,948.0536351279502,50,euros,2024-03-02 13:01:25.028645,16360987,wWXeWjXzej881bAlJr5s,
,-1686.0884222284276,400,euros,2024-04-06 16:12:46.561230,2381551,,maridar noticia papelear cerno diuca
13471842.0,-2190.57109679903,50,euros,2024-02-14 11:43:10.028645,5885055,nOSfwqMHYDzhvTIIXm1D,
,-1808.8413145016707,400,euros,2024-02-01 15:09:15.561230,24456738,,
,-1848.798257632242,400,euros,2024-06-10 00:56:55.561230,14553885,,
3234556.0,2168.888885596692,50,euros,2024-01-27 22:01:03.028645,22966352,c4kFXGUj8CynYK0Q20aE,
,-2370.0881303823166,400,euros,2024-05-10 23:07:43.561230,24173088,,
,1120.802703786138,400,euros,2023-12-15 03:36:57.561230,15161408,,
,-726.6278031068064,400,euros,2024-02-02 20:15:12.561230,32361409,,
14801518.0,1345.2630514945686,50,euros,2024-02-07 21:18:54.028645,83720675,oXlEdfcCRYGYlJ4Z14UT,
,-242.1801229160651,400,euros,2024-04-29 07:46:03.561230,9088155,,
11023875.0,-1093.9863552330312,50,euros,2024-01-30 20:42:32.028645,25370715,fpEj3Hgnfq3eQYq2z0Ca,
,-2175.949769962829,400,euros,2024-04-15 22:43:40.561230,12860289,,
9411294.0,726.5286134812168,50,euros,2024-02-15 00:12:19.028645,9748025,9Afo0LGlDOPGj7bHTrO0,
,-1322.4127657527158,400,euros,2023-12-15 03:01:02.561230,21209908,,
,698.1437066014614,400,euros,2024-04-10 16:06:46.561230,3085269,,
15013290.0,-1292.928310582206,50,euros,2024-01-13 19:07:57.028645,50126109,hUlR8pjoaKegT8PYTnVM,
15155472.0,60.07360657286381,50,euros,2024-01-26 10:38:57.028645,15903144,NSDUX87xYPNnrK1HyVdY,
4291940.0,-1063.1469043114712,50,euros,2024-02-19 02:33:55.028645,15618949,gFf7rjcFBlchVdnPfJRu,
,2127.675256380535,400,euros,2024-05-03 04:19:23.561230,12090173,,
9187072.0,-2298.036539694925,50,euros,2024-02-06 11:20:19.028645,20567161,8tIW2Ai72ZDIj6s55S0g,
7180049.0,2309.979192093301,50,euros,2024-03-07 19:26:17.028645,1679688,hIBUAF7fGSmQdFd0KCeb,
,1196.340578917052,400,euros,2024-01-16 10:26:54.561230,459190,,
7339077.0,972.2290711442812,50,euros,2024-02-13 02:39:08.028645,15410170,ZjlfPAmC0zt6dmt7mUg6,
12282025.0,2775.773520762676,50,euros,2024-01-29 05:46:26.028645,8136866,XRzyhDxhZ4PaRqcyDIjs,
,1576.2156180851389,400,euros,2024-02-29 08:29:18.561230,19901388,,
15139231.0,-879.8707639610755,50,euros,2024-02-12 04:06:52.028645,70156790,P0JxYWJu5cgvYC5fjvXV,
10565126.0,-1119.974296462081,50,euros,2024-01-30 04:15:44.028645,17235212,azcfCSzS90zgBz62gFYD,
3727785.0,-1425.847738807964,50,euros,2024-01-30 09:06:58.028645,23352018,loRVAlsKkzxOcD3IooTc,
11455458.0,2493.511589835508,50,euros,2024-02-25 20:49:59.028645,6419908,8lTrW0FheCWbDncGoEUw,
,1102.0798863765922,400,euros,2024-01-26 16:33:34.561230,89777091,,
,-2249.543091250397,400,euros,2024-01-22 03:50:42.561230,7216788,,
,-616.9943672262245,400,euros,2023-12-24 22:52:14.561230,267504,,
2021666.0,2853.188059745874,50,euros,2024-03-04 08:18:02.028645,5210935,9wQt2rQm80uCJEbMd1jM,
7361550.0,-1751.984806235691,50,euros,2024-03-09 00:32:49.028645,21389194,4WRShox9vd0VXpBt4Fcz,
5589353.0,-1381.4368778736575,50,euros,2024-03-03 02:39:08.028645,15489025,G4FSaPMH5X2z6aJDqBK4,
2696621.0,-2017.2923136633483,50,euros,2024-01-25 05:28:22.028645,16784051,7STIUVZ9MZKA5J4WJmfE,
,-774.0040197597234,400,euros,2024-03-06 05:14:03.561230,25081408,,
5684057.0,-1157.6200377502855,50,euros,2024-02-09 12:02:26.028645,4024293,fEU4vSP5GW4GNM2zMVkE,
,-347.91659384491913,400,euros,2024-03-31 14:56:48.561230,24063450,,
7299957.0,-1476.1776933550293,50,euros,2024-02-06 12:43:25.028645,10712869,ezPODgOKm2cAtkAQzIMO,
3066176.0,-2289.993618910607,50,euros,2024-02-11 19:53:58.028645,8802043,grkXgJ9pezxXRMiTbpC4,
6854409.0,2957.023401894554,50,euros,2024-02-23 09:54:49.028645,2465843,CItc21zxYyTBoOEtMhv3,
,2250.819580803275,400,euros,2024-02-28 13:46:22.561230,7212504,,
,-1074.7779287246572,400,euros,2024-01-26 09:38:07.561230,27593881,,
2439383.0,2972.7625055278386,50,euros,2024-01-24 18:37:30.028645,12192840,CBivF9bOh2OGt09yan56,
467377.0,2574.738643900311,50,euros,2024-01-18 22:49:21.028645,3136840,OlD48igggbfv6pPavk4X,
,-2310.10296536446,400,euros,2024-05-27 00:45:00.561230,5380632,,
3160946.0,460.4095768134903,50,euros,2024-02-05 05:10:41.028645,24765237,wWopZ9mjCo5kHiThO5FN,
,-2479.515203158433,400,euros,2024-05-14 12:40:47.561230,31897313,,
7344693.0,1479.8222345343331,50,euros,2024-03-07 15:09:39.028645,16893197,gjOFu4uUlFRPfOIYtAu6,
8401625.0,-962.5760918881122,50,euros,2024-02-27 08:23:28.028645,25167869,S07qe0lbb4aLkiUODX26,
4480975.0,2099.1687491638622,50,euros,2024-02-04 04:35:22.028645,4634567,HpFq1UiPS0cW4chfc4jS,
5485706.0,-837.8517400757278,50,euros,2024-01-26 17:24:47.028645,9563461,nYhzKhSe5IFpT3VL5yKl,
6123923.0,1581.042098044687,50,euros,2024-02-22 18:59:14.028645,20030158,DeqaFyV6JsN4ywEblSmZ,
12087262.0,-0.3673099278698828,50,euros,2024-01-30 22:11:31.028645,1058459,VGIk9cNUnbltKzqUAL6Y,
,-2369.4958501225287,400,euros,2024-04-18 03:55:31.561230,25740256,,
,729.1495519642431,400,euros,2024-04-21 15:14:18.561230,23329200,,
8349401.0,1421.2866067099917,50,euros,2024-02-21 19:21:46.028645,13601481,Dm0K0blJFTFPIpv9DUjr,
2394746.0,457.72987146605647,50,euros,2024-01-17 18:49:57.028645,10964554,Ml3MYLlcI8NbZn4oHPor,
11982671.0,-753.5689887536075,50,euros,2024-01-28 16:51:50.028645,12139341,u4DbzMATCdhfgCuFhvwm,
,2870.35073655408,400,euros,2023-12-30 17:29:30.561230,24790173,,
,-2043.750318231528,400,euros,2024-01-25 18:55:05.561230,99330143,,
,-2485.234555593217,400,euros,2024-03-10 12:47:59.561230,19477324,,
2918272.0,616.7741796972205,50,euros,2024-02-23 03:46:28.028645,6128743,MgCriN3qncDvvdjToTTY,
4507808.0,-1993.657427237056,50,euros,2024-02-07 08:24:07.028645,19513570,gv7psi1wxwmDENPrLOtR,
,1745.965007798397,400,euros,2024-06-01 16:52:32.561230,13408579,,
,-981.3364707098136,400,euros,2024-05-13 12:53:04.561230,8461021,,
,1095.4445575263117,400,euros,2024-04-11 11:38:57.561230,3943840,,
6121908.0,-2168.9896437741186,50,euros,2024-02-02 23:55:18.028645,5439605,WbX0iXbQbFdImgVzoiv9,
,1091.471083466423,400,euros,2024-03-09 10:09:23.561230,27947362,,
,-1245.5177632835278,400,euros,2024-04-20 16:43:40.561230,6495620,,
2550152.0,-183.55728313289865,50,euros,2024-02-27 07:05:47.028645,19675825,OJ0DYW859YzWm0M3nwgW,
,844.2922756139205,400,euros,2024-05-24 09:46:49.561230,4894889,,
13595787.0,-1088.3627432702594,50,euros,2024-03-06 22:35:49.028645,15788330,jGXVgq7YLe11oMr7KgsG,rivalidad afufar
2037092.0,647.6821015797477,50,euros,2024-02-12 14:14:08.028645,17204417,z7spcHQdP4JVU8Z3OdyB,
13970556.0,2885.2593812133828,50,euros,2024-02-21 04:09:20.028645,16768748,cuJEUpKxW592ctjkYAyk,
2312234.0,1700.717281674435,50,euros,2024-02-09 06:42:26.028645,13125135,P7xaW9PhQgI7qpx1Chga,
5240036.0,1820.522723149722,50,euros,2024-02-16 10:27:25.028645,17919125,xEWx17ehGeqRvSkrt4L7,
7811890.0,2004.7991691636607,50,euros,2024-02-12 16:50:27.028645,10387563,Y7Y7aTJWt7InspbVPGQd,
11101614.0,-1787.5589828165023,50,euros,2024-02-25 04:36:27.028645,7859721,nFavwtE7HvxzxCpws7t3,
,797.5618503545602,400,euros,2024-03-10 06:15:07.561230,26675195,,
,566.8553468474679,400,euros,2024-04-04 05:40:59.561230,17638669,,
8563764.0,-1479.368877616895,50,euros,2024-01-26 21:40:00.028645,29091637,loLS5xtX2uu72V560fPa,
,2227.098961492496,400,euros,2024-03-03 16:44:37.561230,2071661,,
5422113.0,2231.596228668168,50,euros,2024-02-01 08:28:58.028645,2999506,00jFWK2fzgMJxMPWUhQR,
8602786.0,-1198.964345691075,50,euros,2024-02-29 14:19:10.028645,439144,GPdyM4ZZTKFg073Dtmsf,
1512813.0,-2047.393236470255,50,euros,2024-03-08 17:39:10.028645,27013013,veTO87gAieeBnTKVO4ZD,
,-1733.4201556140715,400,euros,2024-06-07 02:42:04.561230,19315512,,
,73.90686633572113,400,euros,2024-06-04 07:49:18.561230,24693163,,
,1799.7143502657336,400,euros,2024-03-11 05:13:44.561230,6708626,,
,2198.557853641206,400,euros,2024-04-24 18:43:52.561230,27451215,,
1169382.0,2115.732551764052,50,euros,2024-01-14 04:52:58.028645,19262822,IzK1mVwZwobEUHXgS9Yu,
5615462.0,1469.4945553568857,50,euros,2024-02-19 05:54:47.028645,26210716,peGCfbVYj76CKWbYu2Mk,
4369143.0,1173.7637166131062,50,euros,2024-02-20 04:08:00.028645,928392,hzQN2j1bKJA9BD40ojAm,
,1745.8732225817655,400,euros,2024-02-17 22:28:27.561230,9127197,,
,2923.85416854327,400,euros,2024-01-12 04:51:06.561230,7456840,,
,1234.1295578228314,400,euros,2024-03-20 14:46:02.561230,8909667,,fotar geratista foblez herciano rezago cocendo cadenero
4615030.0,2456.360776611657,50,euros,2024-02-15 21:08:24.028645,17791084,UDAJv4BbT6nS7GAQr1to,
,-223.3997754949446,400,euros,2024-02-07 14:29:49.561230,18428102,,
9698901.0,-178.06109211393778,50,euros,2024-02-03 03:41:21.028645,9842241,ySzI7jOKYnkK0WMKPZQ2,
,1697.972881764149,400,euros,2024-02-03 01:37:30.561230,661998,,
513944.0,-1031.8504464121977,50,euros,2024-02-28 22:29:51.028645,9693847,bRCRwT6NFoUxhnG2VqYt,
5401815.0,-1315.5164790057852,50,euros,2024-02-09 19:26:59.028645,21747537,O322008OYXh2r5Y0Wqjx,
5882331.0,1727.4925594455017,50,euros,2024-03-01 10:22:41.028645,6505981,4e0gSztSpsLquCQPsteu,
,-2233.993661523196,400,euros,2024-03-24 22:04:06.561230,1460538,,
12888565.0,-158.72027547516882,50,euros,2024-01-29 22:32:39.028645,9993205,9sVn4aMmPie16XyacCrw,
,-2199.487498230453,400,euros,2024-01-16 12:56:09.561230,2649339,,
,-1266.3471582224406,400,euros,2024-05-21 05:01:28.561230,9430505,,
7638748.0,-1345.960436317497,50,euros,2024-02-27 03:03:33.028645,7452146,rpfQxJBJUwxHF6Ip8t96,
,2206.931801054937,400,euros,2024-04-14 03:10:10.561230,4218540,,
,2193.100400316617,400,euros,2024-03-28 19:50:49.561230,15757115,,
2862312.0,2789.043933898338,50,euros,2024-02-12 16:55:23.028645,10253578,3UNWWMZYu5zT6ib6AHE3,
,253.29460764460876,400,euros,2024-06-03 01:45:50.561230,27967403,,
,2739.3488751119485,400,euros,2024-01-20 07:40:54.561230,23039846,,
6455604.0,-394.63908447232734,50,euros,2024-02-03 02:57:50.028645,18043910,3rdsghLT8E6ANNbHuY3U,
,436.7004702177187,400,euros,2023-12-23 15:34:51.561230,18202038,,
4282957.0,2.174114693579668,50,euros,2024-02-10 12:57:59.028645,438124,dw1mlDHVTOoOUFWni44V,
,-355.2317606546644,400,euros,2024-01-01 01:35:49.561230,34678,,
8888102.0,1930.9419533142616,50,euros,2024-02-03 06:47:28.028645,14452317,GwkA2siWD2LkFkoI9bEN,
1615497.0,-1028.8796826311664,50,euros,2024-01-27 15:08:59.028645,23230980,Z23Nnps0J0y8OfDIO3c3,
10819004.0,-390.30302757682784,50,euros,2024-02-13 17:52:38.028645,12576226,WDQCyfK1ZZGdKvtOOBdq,
2011543.0,1542.0968888500029,50,euros,2024-02-10 10:39:34.028645,28241962,auoMqgCvN5IjK9YbhJup,
,400.5357222493362,400,euros,2023-12-24 21:13:08.561230,27610956,,
4348012.0,-1676.6833207593504,50,euros,2024-02-03 10:54:15.028645,12788106,zd4qBB86OKprmPj404Nu,
,523.7349293890902,400,euros,2024-03-11 01:48:00.561230,1985342,,
,-1227.52392466263,400,euros,2024-04-01 23:12:57.561230,28670505,,
,2487.7778683964552,400,euros,2023-12-22 01:49:05.561230,8035617,,
,749.7479085471114,400,euros,2024-05-01 09:31:29.561230,17327388,,
8368579.0,1752.6003855328436,50,euros,2024-02-02 10:53:08.028645,29513361,DDiYONdxCCDSoFzSyDjM,
4624417.0,1508.640371731994,50,euros,2024-01-22 03:17:22.028645,12407015,gxJDIRWbaiSlqMYJqRvT,
,-2525.6153844598125,400,euros,2024-01-15 11:28:36.561230,14403611,,
10883628.0,-85.21272959178259,50,euros,2024-02-06 06:17:44.028645,14765652,lSATm5W5AvK6ug3DPavL,
12215158.0,-1650.2474625074149,50,euros,2024-02-06 13:36:23.028645,12334955,IHYRpCc1y0qOIdWbeS5o,
9586706.0,2797.3679872780467,50,euros,2024-01-31 07:49:13.028645,18332789,yTciUVDOPaSv0cglkObt,
,2804.958663365312,400,euros,2024-05-17 04:21:37.561230,26147479,,
7403117.0,513.0679961561086,50,euros,2024-03-06 11:50:39.028645,19253715,H6UpNumbtDyMQYOeTYJ3,
,2395.675446240628,400,euros,2024-04-22 10:47:05.561230,16838760,,
,-775.5639497845982,400,euros,2023-12-29 22:35:59.561230,11851930,,
8183697.0,-62.792170682942015,50,euros,2024-02-22 15:40:15.028645,4959884,fmYBa10dfk4poBd6Zn6Q,
3735349.0,2085.021072156086,50,euros,2024-01-25 09:09:02.028645,22369529,0u0SZSlEwAmkfeIh1D0e,
12105323.0,-1657.0712788557628,50,euros,2024-02-08 13:35:56.028645,5966398,CCkydTX4XLF6JOfawmX9,
,-1829.143661632669,400,euros,2024-03-18 15:04:01.561230,81747568,,
,1068.2069221358483,400,euros,2024-04-12 19:29:00.561230,3758495,,
,2960.9972016665133,400,euros,2024-05-29 23:25:13.561230,18664931,,
6352778.0,-442.9132724780193,50,euros,2024-02-04 15:00:46.028645,1150733,WNA1WJiLrewL0hmybyr2,
12127038.0,2851.4327138032395,50,euros,2024-01-30 03:43:16.028645,15422079,9ERMy2d605GoEkRO4NcM,
,-312.03433498995355,400,euros,2023-12-20 23:38:32.561230,23713634,,
3816837.0,-1165.3092448062932,50,euros,2024-02-08 22:53:22.028645,2112652,pjXxZgYdx3hnCix2gNod,
,415.3018679454599,400,euros,2024-05-18 03:18:53.561230,12698138,,
9339349.0,567.1016106457641,50,euros,2024-02-08 05:23:31.028645,6537704,qX1xnd0wkarOYVyGMygw,
1726619.0,2461.7223358942347,50,euros,2024-01-25 19:55:53.028645,15678925,Dkh40k8SiLTBRYybwVvW,
13393842.0,144.599530720011,50,euros,2024-03-05 02:56:27.028645,24524211,TwF6gD4vN4eTNUwqTV2s,
6093981.0,2378.4899618242616,50,euros,2024-02-28 08:16:00.028645,9896608,D2vIYvUjsdUKaUtq8tiX,
,-966.2322459475618,400,euros,2024-01-23 16:03:09.561230,4347350,,
5367885.0,2455.9397796339927,50,euros,2024-02-05 03:47:27.028645,8367059,YcGhAgZybpy2BB8EG2Vo,
,254.5295697969136,400,euros,2023-12-29 12:16:23.561230,23038511,,
,1506.086817547045,400,euros,2023-12-15 18:08:15.561230,12773040,,
,-1339.7828592026144,400,euros,2024-02-06 02:56:15.561230,13681328,,
,1282.692898490434,400,euros,2023-12-22 23:04:08.561230,15753158,,
7838808.0,1706.7852714223854,50,euros,2024-01-16 12:42:59.028645,6160441,oFlcaRydNRYBl8DuFF12,
12097903.0,2230.6697437350986,50,euros,2024-01-27 21:37:26.028645,1814802,SLUf31QqjhfRuxc09Q0j,
,588.7940796225944,400,euros,2024-06-04 23:17:02.561230,23364934,,
,1659.7033649373006,400,euros,2023-12-18 04:58:22.561230,21763122,,
13973063.0,2872.600085072886,50,euros,2024-02-17 16:10:50.028645,24233342,ntFCBadmi4CCPsUa5q4d,
,383.8465887606594,400,euros,2024-04-11 22:25:07.561230,8018081,,
6146568.0,209.54484751577135,50,euros,2024-01-24 08:52:57.028645,1413157,dkwO8niurdSLWDjbk60f,
,-928.3384393003062,400,euros,2024-02-03 04:12:44.561230,27294594,,
,-69.44015485202635,400,euros,2024-05-13 00:36:04.561230,68285704,,
,-1848.5863672632831,400,euros,2024-04-24 19:44:24.561230,12515298,,
777789.0,1838.5607793373936,50,euros,2024-03-11 08:20:04.028645,19489563,xwMeHJnLsvl0yQ3VS4d3,
,-152.954026460764,400,euros,2024-01-23 19:23:44.561230,5882198,,
,-1763.6337935410324,400,euros,2024-01-06 08:46:37.561230,28144809,,
1571195.0,-2174.9915039132666,50,euros,2024-01-19 16:00:14.028645,19335068,1IVN6z1KXKM10APviH8v,
,2577.086575453417,400,euros,2024-03-22 05:55:48.561230,2858400,,
,-2202.3388164655576,400,euros,2023-12-23 07:59:53.561230,24717962,,
4882838.0,-185.81758333267817,50,euros,2024-01-23 14:46:03.028645,29249002,K17u8KFuLnRnC9bfVBx0,
9511916.0,-1733.3234689102696,50,euros,2024-02-06 09:40:00.028645,12975633,McQA7QoCueGTfCJtk0cY,
3518523.0,2273.830660213961,50,euros,2024-02-16 04:07:25.028645,147005,t9s1pOs3geb52FhLXofp,
,776.5563265739252,400,euros,2024-05-28 04:40:33.561230,26658051,,
,-2517.4996280870528,400,euros,2024-04-30 11:07:37.561230,4806941,,
4782092.0,-2523.9376471550845,50,euros,2024-02-07 20:13:38.028645,7774045,ESKwLInvjVea1FYbQN9n,
3749471.0,-772.1979327399927,50,euros,2024-01-30 21:10:39.028645,14221565,Lk2sqg2uPD3aHF7CrIC3,
,-2062.0781249091765,400,euros,2024-05-14 22:59:03.561230,29277200,,
3738797.0,2496.685401021876,50,euros,2024-03-03 22:08:05.028645,28376003,ERPNDKz4WCrkVPoZMP4l,
,-816.9077560845478,400,euros,2024-02-02 23:23:33.561230,24532010,,
1762609.0,-1863.2433290409533,50,euros,2024-01-14 10:17:16.028645,21611103,5KNJQdnKgtJf8HnsK5JX,
4194384.0,-1768.0080139830554,50,euros,2024-02-05 15:32:10.028645,18005563,akVJaXSbgXaNZZrfpBGO,
,-2319.4679955990546,400,euros,2024-04-20 17:52:35.561230,375764,,
,-1025.7238915469882,400,euros,2024-03-29 18:01:16.561230,6799039,,
,-1260.6421229941263,400,euros,2024-05-11 00:53:03.561230,16635961,,
,-123.31515861420394,400,euros,2024-03-09 03:34:22.561230,16486668,,zanjar emnatrior
,2260.4215667275257,400,euros,2024-04-17 06:06:16.561230,14156032,,
,-647.8126640178291,400,euros,2023-12-28 13:16:45.561230,13798233,,
5876949.0,1970.3758050096203,50,euros,2024-02-20 12:10:21.028645,29692921,2N7EMT2RbTNWthdck4HM,
3937092.0,2877.173087504313,50,euros,2024-03-12 20:31:05.028645,5843319,f09xMp02ZkDjUykEiyfM,
,-2073.7680293098388,400,euros,2024-06-10 09:59:44.561230,15687913,,
2072694.0,-1041.5957705517017,50,euros,2024-02-19 11:49:51.028645,18659926,0s5GfLH5SJwo5TB08w6E,
,796.9950476526615,400,euros,2024-02-27 19:24:51.561230,28476453,,
,2364.818953775918,400,euros,2024-03-26 07:32:41.561230,674174,,
,-2408.127198682295,400,euros,2024-01-31 11:02:38.561230,25281066,,
11374900.0,2015.1698798903496,50,euros,2024-02-10 23:10:47.028645,14177947,hiZqCrC4gMNPpQJuGpSZ,
14758834.0,-2530.472159151576,50,euros,2024-03-05 06:12:04.028645,21754336,tyZnOcIjXrxGhiGPGfxe,
7819778.0,272.30022182052016,50,euros,2024-01-21 09:58:34.028645,13587841,0F9m2m3OaFsvHy8kK3PR,
887004.0,-78.07913966695969,50,euros,2024-02-03 10:22:10.028645,20171206,uRJvxKnu9hdQMECwGhJW,
418222.0,-767.1686682534707,50,euros,2024-02-28 11:25:54.028645,11354051,JRJp3WqxarxWuwxIrQpr,
,-830.5088875047873,400,euros,2024-05-12 21:01:50.561230,9566889,,
,-1167.7055961165388,400,euros,2024-02-14 02:27:09.561230,5325931,,
10350118.0,-1190.8113691510137,50,euros,2024-02-05 09:21:15.028645,4783104,mmq8EqfgfemGoz0qLZ59,
,-1452.6789842986443,400,euros,2024-05-12 12:42:40.561230,14055450,,
,439.6005562349847,400,euros,2024-03-06 18:30:58.561230,3107085,,
4242314.0,-1387.0433470662504,50,euros,2024-01-23 22:46:26.028645,20046197,IGfzKODADLRcSW6AAeUT,
9451758.0,-693.1556433241376,50,euros,2024-02-20 12:19:14.028645,893376,RMKMz7YKBU9nUCwjMrPB,
2765088.0,-1545.582838114563,50,euros,2024-03-06 05:56:39.028645,2153708,UB0S8AugciJAqBqc6Y34,
13324679.0,1256.3619264818508,50,euros,2024-02-29 22:51:51.028645,26581257,6L1rxOgQfxP3zfD2jbxv,
4945168.0,-1728.1185123474445,50,euros,2024-02-24 07:49:05.028645,975771,UDP9fttakM3LAPyGgHUi,
,-1938.9381733586297,400,euros,2024-01-25 16:24:46.561230,15495032,,
13020847.0,1784.4633063474512,50,euros,2024-01-13 16:47:56.028645,5874963,mEcbIqZXzFNqqo2HrnIW,
8089392.0,-909.9433401095002,50,euros,2024-02-13 03:41:32.028645,7896444,HaO8scGPKOK2kmy1mZBk,
,2874.7046945947286,400,euros,2024-03-15 13:23:24.561230,19268179,,
,1681.2864843174557,400,euros,2024-01-24 11:34:33.561230,17077671,,
6783949.0,-96.67755309970153,50,euros,2024-01-19 22:13:01.028645,24341816,MmGLvHpjNGnazCX03hyF,
,2727.588503124295,400,euros,2024-05-28 20:27:33.561230,23926117,,dotacyal tirso espiche vacaye historia dogo ejeldro cuerta
518834.0,2512.126806648481,50,euros,2024-03-04 01:39:21.028645,5004022,wnxjUg9MDQWQogrbUev1,
,-2288.9953043801397,400,euros,2024-05-09 08:41:36.561230,25816251,,
8722953.0,1697.2133825281398,50,euros,2024-03-12 17:59:29.028645,12991707,YETbY7vWcm43GEjesKUM,
14164469.0,-2543.2137488448902,50,euros,2024-02-28 02:59:02.028645,2118147,mmYaPEkk5uKQ8djThrYK,
,-1004.5386254886876,400,euros,2024-02-29 09:10:22.561230,18984763,,
12823937.0,-685.9754763674196,50,euros,2024-02-21 10:58:14.028645,24516703,pDBNSSvcofFayF0fEWCG,
7594300.0,2475.266450023295,50,euros,2024-02-21 20:46:10.028645,17779692,3uR279otZSpwlWK476r3,
,1375.00670818887,400,euros,2024-03-09 23:20:51.561230,27067418,,
1951463.0,-641.3919505550011,50,euros,2024-02-04 03:00:15.028645,16040613,KTKJTSdz3FNB4a0LM3Ar,
11429197.0,-1268.8519651519875,50,euros,2024-02-12 09:49:04.028645,27224430,KFAjvUWmaFNeLvkvpoxc,
,1601.3341322019069,400,euros,2024-01-10 11:19:02.561230,24913672,,
,480.053815480097,400,euros,2024-01-29 04:55:28.561230,22564812,,
9809262.0,-26.409894806176908,50,euros,2024-01-23 10:50:15.028645,6696264,gyIV40EPvF9wz0hdU3Kn,
,2998.744903540336,400,euros,2024-03-17 17:22:16.561230,29778236,,
,-2556.2014737157074,400,euros,2024-04-16 11:43:57.561230,323131,,
4714390.0,2831.93471256485,50,euros,2024-03-08 21:27:24.028645,9975470,Np5rurC3IcbNfjDYyk1L,
,1177.9644890620275,400,euros,2024-04-30 16:05:02.561230,611882,,
,1121.7679908603072,400,euros,2024-02-10 22:37:50.561230,3764169,,
7222481.0,-342.87292828377804,50,euros,2024-01-20 22:15:00.028645,19671198,ZFpkjOTy2lzPyxg6zaXw,
,645.9886358921476,400,euros,2024-05-13 11:10:35.561230,11184511,,
13530843.0,2840.704227983145,50,euros,2024-01-18 04:40:05.028645,16435169,7G6mpWDtYd0L0gHGT6o6,
13427838.0,2849.25964786796,50,euros,2024-02-09 08:47:25.028645,4128942,074x92GpDIQiwQ7Dh8J2,
11733479.0,-1019.0946209602672,50,euros,2024-01-16 06:19:11.028645,17494204,3bzpULFn9WXkycYQxh3Y,
,2418.185843359676,400,euros,2024-05-26 01:20:34.561230,9110726,,
9911360.0,2801.3588255398945,50,euros,2024-02-01 10:08:16.028645,18679282,IedUh072PFjFJhLuQtfL,
10226711.0,1905.3196403220809,50,euros,2024-02-19 04:15:34.028645,29576203,evE19rL9iYj6nPrxB4Ql,
,1196.2973128635576,400,euros,2024-03-28 13:10:22.561230,22221100,,
7804602.0,2155.9863039528336,50,euros,2024-02-18 23:39:23.028645,9494935,zDQYz4A7ZzSdwF3XXNQy,
,517.7307242792726,400,euros,2024-04-22 04:00:38.561230,29450848,,
,768.9742084735349,400,euros,2024-06-10 21:45:03.561230,12845662,,
8642804.0,1418.7103598163294,50,euros,2024-02-23 02:00:29.028645,11915895,U0gtZFLBgclrplplr9ZJ,
,1954.9011005898328,400,euros,2023-12-28 04:06:07.561230,586604,,
,1509.9030428514543,400,euros,2024-01-22 05:53:26.561230,13506325,,
13934444.0,2090.667521983207,50,euros,2024-03-04 18:57:00.028645,4794985,L6GKgQojwHMASM62kXiE,
7639610.0,2800.9772778195,50,euros,2024-03-01 12:38:36.028645,24837128,d2bkBDbE8k88FuYazdt2,
1046144.0,2992.625756775029,50,euros,2024-01-25 05:10:01.028645,13896416,8weWH5DFadbfbVcmkqN5,
10646686.0,90.7368367557524,50,euros,2024-02-09 00:19:37.028645,26875785,JCFZcOp0vySoc4XKwV0i,
